OBJECTID,ms_gush,k_status_hesder,ms_chelka,ms_shetach_rashum,ms_shetach,tr_idkun_acharon,k_input_source,tr_chelka,heara,sw_baalut,ms_gush_vechelka,date_import,Shape_Length,Shape_Area,oidtatrova,ktatrova,krova,dateimport,ShapeArea
10180,7429,0,75,1400,1455.29,,2,1899-12-30T00:00:00.000,,-1,742975,09/06/2015 1:33,306.0069325,1455.287777,19,54,5,20/12/2012 1:39,321365
10331,6933,0,60,230,223.13,2013-01-03T00:00:00.000,1,1991-01-03T00:00:00.000,,-1,693360,09/06/2015 1:33,68.03276376,223.128247,19,54,5,20/12/2012 1:39,321365
10334,6933,0,61,454,425.35,2013-01-03T00:00:00.000,1,1991-01-03T00:00:00.000,,-1,693361,09/06/2015 1:33,84.24286598,425.345245,19,54,5,20/12/2012 1:39,321365
10401,6933,0,57,441,455.38,2013-01-03T00:00:00.000,1,1991-01-03T00:00:00.000,,-1,693357,09/06/2015 1:33,85.51578313,455.383539,19,54,5,20/12/2012 1:39,321365
10422,7451,0,15,613,617.3,,0,1991-01-03T00:00:00.000,,-1,745115,09/06/2015 1:33,105.9305795,617.2964245,19,54,5,20/12/2012 1:39,321365
10502,6933,0,58,458,428.34,2013-01-03T00:00:00.000,1,1991-01-03T00:00:00.000,,-1,693358,09/06/2015 1:33,84.19689403,428.3421975,19,54,5,20/12/2012 1:39,321365
10514,6933,0,62,454,436.83,2013-01-03T00:00:00.000,1,1991-01-03T00:00:00.000,,-1,693362,09/06/2015 1:33,85.28711011,436.8286705,19,54,5,20/12/2012 1:39,321365
10524,6933,0,64,216,210.97,,1,1991-01-03T00:00:00.000,,-1,693364,09/06/2015 1:33,67.87326287,210.965253,19,54,5,20/12/2012 1:39,321365
10526,6933,0,65,456,429.59,2013-01-03T00:00:00.000,1,1991-01-03T00:00:00.000,,-1,693365,09/06/2015 1:33,84.79725626,429.588682,19,54,5,20/12/2012 1:39,321365
10549,6933,0,67,146,142.67,2013-01-03T00:00:00.000,1,1991-01-03T00:00:00.000,,-1,693367,09/06/2015 1:33,62.46818357,142.670127,19,54,5,20/12/2012 1:39,321365
10558,6933,0,81,232,241.39,2013-01-03T00:00:00.000,1,1991-01-03T00:00:00.000,,-1,693381,09/06/2015 1:33,68.95753421,241.38684,19,54,5,20/12/2012 1:39,321365
10560,6933,0,79,448,461.94,2013-01-03T00:00:00.000,1,1991-01-03T00:00:00.000,,-1,693379,09/06/2015 1:33,88.01286752,461.936826,19,54,5,20/12/2012 1:39,321365
10561,7430,0,42,1411,1389.79,,2,1991-01-03T00:00:00.000,,-1,743042,09/06/2015 1:33,303.7487472,1389.785718,19,54,5,20/12/2012 1:39,321365
10562,6933,0,78,228,231.71,2013-01-03T00:00:00.000,1,1991-01-03T00:00:00.000,,-1,693378,09/06/2015 1:33,69.90299853,231.71111,19,54,5,20/12/2012 1:39,321365
10583,6933,0,77,219,224.53,2013-01-03T00:00:00.000,1,1991-01-03T00:00:00.000,,-1,693377,09/06/2015 1:33,70.51916522,224.5289875,19,54,5,20/12/2012 1:39,321365
10595,7430,0,19,288,279.01,,0,1991-01-03T00:00:00.000,,-1,743019,09/06/2015 1:33,67.21559762,279.0115475,19,54,5,20/12/2012 1:39,321365
10691,6933,0,91,620,653.02,2013-01-03T00:00:00.000,1,1991-01-03T00:00:00.000,,-1,693391,09/06/2015 1:33,106.184495,653.0189775,19,54,5,20/12/2012 1:39,321365
10695,7430,0,31,846,861.38,,0,1991-01-03T00:00:00.000,,-1,743031,09/06/2015 1:33,135.8250344,861.379481,19,54,5,20/12/2012 1:39,321365
10699,7430,0,21,252,257.64,,0,1991-01-03T00:00:00.000,,-1,743021,09/06/2015 1:33,73.41960026,257.642524,19,54,5,20/12/2012 1:39,321365
10700,7430,0,38,592,575.03,,0,1991-01-03T00:00:00.000,,-1,743038,09/06/2015 1:33,102.0503428,575.025977,19,54,5,20/12/2012 1:39,321365
10701,7430,0,45,11,12.89,,0,1899-12-30T00:00:00.000,,-1,743045,09/06/2015 1:33,14.41715766,12.891723,19,54,5,20/12/2012 1:39,321365
10734,6933,0,59,220,205.61,2013-01-03T00:00:00.000,1,1991-01-03T00:00:00.000,,-1,693359,09/06/2015 1:33,66.49290903,205.607678,19,54,5,20/12/2012 1:39,321365
10743,6933,0,63,235,237.41,2013-01-03T00:00:00.000,1,1991-01-03T00:00:00.000,,-1,693363,09/06/2015 1:33,69.89102576,237.4131665,19,54,5,20/12/2012 1:39,321365
10765,6933,0,66,452,438.47,2013-01-03T00:00:00.000,1,1991-01-03T00:00:00.000,,-1,693366,09/06/2015 1:33,85.46811522,438.469819,19,54,5,20/12/2012 1:39,321365
10768,6933,0,68,312,300.53,2013-01-03T00:00:00.000,1,1991-01-03T00:00:00.000,,-1,693368,09/06/2015 1:33,74.86666504,300.531542,19,54,5,20/12/2012 1:39,321365
10777,7430,0,22,505,513.37,,0,1991-01-03T00:00:00.000,,-1,743022,09/06/2015 1:33,92.98954896,513.374341,19,54,5,20/12/2012 1:39,321365
10779,6918,0,24,529,525.06,,1,1991-01-03T00:00:00.000,,-1,691824,09/06/2015 1:33,95.0194261,525.0558655,19,54,5,20/12/2012 1:39,321365
10785,7430,0,14,270,260.19,,0,1991-01-03T00:00:00.000,,-1,743014,09/06/2015 1:33,77.31186475,260.1854075,19,54,5,20/12/2012 1:39,321365
10793,6933,0,80,211,208.21,2013-01-03T00:00:00.000,1,1991-01-03T00:00:00.000,,-1,693380,09/06/2015 1:33,73.69966055,208.2097195,19,54,5,20/12/2012 1:39,321365
10806,7430,0,18,279,272.22,,0,1991-01-03T00:00:00.000,,-1,743018,09/06/2015 1:33,66.43681723,272.223805,19,54,5,20/12/2012 1:39,321365
10810,7430,0,40,482,465.87,,0,1991-01-03T00:00:00.000,,-1,743040,09/06/2015 1:33,86.58277778,465.8744645,19,54,5,20/12/2012 1:39,321365
10811,7430,0,6,276,285.73,,0,1991-01-03T00:00:00.000,,-1,74306,09/06/2015 1:33,70.30755097,285.7329115,19,54,5,20/12/2012 1:39,321365
10812,7430,0,13,450,451.54,,0,1991-01-03T00:00:00.000,,-1,743013,09/06/2015 1:33,93.72307503,451.5380815,19,54,5,20/12/2012 1:39,321365
10817,7430,0,32,316,309.78,,0,1991-01-03T00:00:00.000,,-1,743032,09/06/2015 1:33,70.71734657,309.7804115,19,54,5,20/12/2012 1:39,321365
10819,6918,0,17,258,260.65,,1,1991-01-03T00:00:00.000,,-1,691817,09/06/2015 1:33,69.4596742,260.6454815,19,54,5,20/12/2012 1:39,321365
10820,7430,0,7,277,287.15,,0,1991-01-03T00:00:00.000,,-1,74307,09/06/2015 1:33,69.40434638,287.1507615,19,54,5,20/12/2012 1:39,321365
10833,7430,0,43,1394,1377.66,,2,1991-01-03T00:00:00.000,,-1,743043,09/06/2015 1:33,313.3454108,1377.663055,19,54,5,20/12/2012 1:39,321365
10840,7430,0,17,552,570.87,,1,1991-01-03T00:00:00.000,,-1,743017,09/06/2015 1:33,97.87531239,570.866432,19,54,5,20/12/2012 1:39,321365
10842,7430,0,26,352,355.37,,0,1991-01-03T00:00:00.000,,-1,743026,09/06/2015 1:33,93.06476108,355.365632,19,54,5,20/12/2012 1:39,321365
10866,6933,0,120,521,524.12,2013-01-03T00:00:00.000,0,1991-01-03T00:00:00.000,,-1,6933120,09/06/2015 1:33,93.46404305,524.117276,19,54,5,20/12/2012 1:39,321365
10869,6919,0,5,268,269.51,,1,1991-01-03T00:00:00.000,,-1,69195,09/06/2015 1:33,69.19489178,269.5111565,19,54,5,20/12/2012 1:39,321365
10903,7430,0,3,597,617.24,,0,1991-01-03T00:00:00.000,,-1,74303,09/06/2015 1:33,101.2870758,617.237484,19,54,5,20/12/2012 1:39,321365
10909,6933,0,97,330,325.74,2013-01-03T00:00:00.000,1,1991-01-03T00:00:00.000,,-1,693397,09/06/2015 1:33,92.22481159,325.736481,19,54,5,20/12/2012 1:39,321365
10913,7430,0,4,268,265.15,,0,1991-01-03T00:00:00.000,,-1,74304,09/06/2015 1:33,76.16462039,265.1537265,19,54,5,20/12/2012 1:39,321365
10916,7430,0,15,297.53,302.48,,1,1991-01-03T00:00:00.000,,-1,743015,09/06/2015 1:33,80.02892556,302.4805645,19,54,5,20/12/2012 1:39,321365
10918,7430,0,29,543,534.53,,0,1991-01-03T00:00:00.000,,-1,743029,09/06/2015 1:33,99.56839959,534.52769,19,54,5,20/12/2012 1:39,321365
10934,6918,0,20,560,553.6,,1,1991-01-03T00:00:00.000,,-1,691820,09/06/2015 1:33,95.40777478,553.5998405,19,54,5,20/12/2012 1:39,321365
10944,6918,0,21,621,621.15,,1,1991-01-03T00:00:00.000,,-1,691821,09/06/2015 1:33,101.5470856,621.152212,19,54,5,20/12/2012 1:39,321365
10946,6933,0,100,387,388.1,2013-01-03T00:00:00.000,1,1991-01-03T00:00:00.000,,-1,6933100,09/06/2015 1:33,81.63538316,388.0969225,19,54,5,20/12/2012 1:39,321365
10948,7430,0,12,456,477.56,,1,1991-01-03T00:00:00.000,,-1,743012,09/06/2015 1:33,94.19931221,477.555781,19,54,5,20/12/2012 1:39,321365
10949,6918,0,72,285,271.95,2006-07-20T00:00:00.000,1,1991-01-03T00:00:00.000,,-1,691872,09/06/2015 1:33,79.83860518,271.952741,19,54,5,20/12/2012 1:39,321365
10951,7430,0,41,576,564.52,,0,1991-01-03T00:00:00.000,,-1,743041,09/06/2015 1:33,95.0486265,564.5168365,19,54,5,20/12/2012 1:39,321365
10955,6918,0,19,278,274.1,,1,1991-01-03T00:00:00.000,,-1,691819,09/06/2015 1:33,74.95328367,274.099796,19,54,5,20/12/2012 1:39,321365
10961,6918,0,18,326,339.45,,1,1991-01-03T00:00:00.000,,-1,691818,09/06/2015 1:33,77.98476172,339.4491535,19,54,5,20/12/2012 1:39,321365
10964,7430,0,11,458,479.16,,1,1991-01-03T00:00:00.000,,-1,743011,09/06/2015 1:33,93.4297687,479.156133,19,54,5,20/12/2012 1:39,321365
10970,7431,0,6,359,357.65,,0,1991-01-03T00:00:00.000,,-1,74316,09/06/2015 1:33,87.50003557,357.652916,19,54,5,20/12/2012 1:39,321365
10977,6918,0,37,407,390.09,,1,1991-01-03T00:00:00.000,,-1,691837,09/06/2015 1:33,78.11745897,390.090948,19,54,5,20/12/2012 1:39,321365
10981,6933,0,127,706,708.05,2013-01-03T00:00:00.000,1,1991-01-03T00:00:00.000,,-1,6933127,09/06/2015 1:33,112.7744151,708.0492905,19,54,5,20/12/2012 1:39,321365
10986,6918,0,57,598,602.01,,1,1991-01-03T00:00:00.000,,-1,691857,09/06/2015 1:33,105.2787615,602.0109245,19,54,5,20/12/2012 1:39,321365
10988,6918,0,43,288,287.34,,1,1991-01-03T00:00:00.000,,-1,691843,09/06/2015 1:33,84.13302042,287.3424705,19,54,5,20/12/2012 1:39,321365
10989,6918,0,47,377,367.55,,1,1991-01-03T00:00:00.000,,-1,691847,09/06/2015 1:33,89.08882134,367.551328,19,54,5,20/12/2012 1:39,321365
10990,6933,0,138,355,382.02,2013-01-03T00:00:00.000,2,1899-12-30T00:00:00.000,,-1,6933138,09/06/2015 1:33,118.8588225,382.019693,19,54,5,20/12/2012 1:39,321365
11004,6933,0,125,685,684.54,2013-01-03T00:00:00.000,1,1991-01-03T00:00:00.000,,-1,6933125,09/06/2015 1:33,107.9222595,684.5355205,19,54,5,20/12/2012 1:39,321365
11009,6918,0,31,20,18.84,,1,1991-01-03T00:00:00.000,,-1,691831,09/06/2015 1:33,18.32668115,18.8395,19,54,5,20/12/2012 1:39,321365
11011,7431,0,19,296,282.89,,0,1991-01-03T00:00:00.000,,-1,743119,09/06/2015 1:33,78.31796776,282.8909995,19,54,5,20/12/2012 1:39,321365
11014,6918,0,89,590,573.59,,1,1991-01-03T00:00:00.000,,-1,691889,09/06/2015 1:33,139.7686089,573.5884885,19,54,5,20/12/2012 1:39,321365
11033,7431,0,23,3665,3651.43,,2,1991-01-03T00:00:00.000,,-1,743123,09/06/2015 1:33,241.8707482,3651.428894,19,54,5,20/12/2012 1:39,321365
11034,6933,0,126,642,632.78,2013-01-03T00:00:00.000,2,1991-01-03T00:00:00.000,,-1,6933126,09/06/2015 1:33,106.3498684,632.782649,19,54,5,20/12/2012 1:39,321365
11040,6918,0,65,328,332.76,,1,1991-01-03T00:00:00.000,,-1,691865,09/06/2015 1:33,74.13119147,332.764822,19,54,5,20/12/2012 1:39,321365
11044,7431,0,14,467,456.28,,0,1991-01-03T00:00:00.000,,-1,743114,09/06/2015 1:33,90.89102866,456.2810665,19,54,5,20/12/2012 1:39,321365
11045,6933,0,121,509,513.76,2013-01-03T00:00:00.000,1,1991-01-03T00:00:00.000,,-1,6933121,09/06/2015 1:33,92.30407009,513.7581655,19,54,5,20/12/2012 1:39,321365
11048,6919,0,29,215,218.35,,1,1991-01-03T00:00:00.000,,-1,691929,09/06/2015 1:33,63.58229791,218.347712,19,54,5,20/12/2012 1:39,321365
11070,6919,0,23,442,443.95,,1,1991-01-03T00:00:00.000,,-1,691923,09/06/2015 1:33,90.95611038,443.9505745,19,54,5,20/12/2012 1:39,321365
11077,6918,0,55,608,607.29,,1,1991-01-03T00:00:00.000,,-1,691855,09/06/2015 1:33,101.6574049,607.289019,19,54,5,20/12/2012 1:39,321365
11091,6918,0,61,551,559.48,,1,1991-01-03T00:00:00.000,,-1,691861,09/06/2015 1:33,93.53448059,559.4830215,19,54,5,20/12/2012 1:39,321365
11121,6919,0,32,310,304.42,,1,1991-01-03T00:00:00.000,,-1,691932,09/06/2015 1:33,77.1288798,304.4183115,19,54,5,20/12/2012 1:39,321365
11124,7451,0,5,523,509.98,,0,1991-01-03T00:00:00.000,,-1,74515,09/06/2015 1:33,90.64310225,509.9778675,19,54,5,20/12/2012 1:39,321365
11141,6919,0,51,520,516.47,,1,1991-01-03T00:00:00.000,,-1,691951,09/06/2015 1:33,97.350232,516.465214,19,54,5,20/12/2012 1:39,321365
11142,7451,0,23,633,648.26,,0,1991-01-03T00:00:00.000,,-1,745123,09/06/2015 1:33,112.5168782,648.263438,19,54,5,20/12/2012 1:39,321365
11144,6919,0,45,219,219.4,,1,1991-01-03T00:00:00.000,,-1,691945,09/06/2015 1:33,59.14703846,219.39784,19,54,5,20/12/2012 1:39,321365
11149,7451,0,37,57,56.31,,0,1899-12-30T00:00:00.000,,-1,745137,09/06/2015 1:33,68.09702924,56.3103025,19,54,5,20/12/2012 1:39,321365
11166,7451,0,30,446,459.03,,0,1991-01-03T00:00:00.000,,-1,745130,09/06/2015 1:33,94.48902404,459.033257,19,54,5,20/12/2012 1:39,321365
11167,6920,0,3,700,711.2,,1,1899-12-30T00:00:00.000,,-1,69203,09/06/2015 1:33,113.0861316,711.196374,19,54,5,20/12/2012 1:39,321365
11169,6919,0,55,526,528.95,,1,1991-01-03T00:00:00.000,,-1,691955,09/06/2015 1:33,95.75492556,528.9520275,19,54,5,20/12/2012 1:39,321365
11172,7451,0,21,738,754.83,,0,1991-01-03T00:00:00.000,,-1,745121,09/06/2015 1:33,115.1734394,754.8296205,19,54,5,20/12/2012 1:39,321365
11173,6937,0,7,261,277.24,,1,1899-12-30T00:00:00.000,,-1,69377,09/06/2015 1:33,76.23796189,277.237114,19,54,5,20/12/2012 1:39,321365
11174,7451,0,10,878,858.63,,0,1991-01-03T00:00:00.000,,-1,745110,09/06/2015 1:33,117.2042278,858.632443,19,54,5,20/12/2012 1:39,321365
11207,6933,0,72,340,316.86,2013-01-03T00:00:00.000,1,1991-01-03T00:00:00.000,,-1,693372,09/06/2015 1:33,76.29946805,316.8590775,19,54,5,20/12/2012 1:39,321365
11218,6919,0,59,337,341.21,,1,1991-01-03T00:00:00.000,,-1,691959,09/06/2015 1:33,75.41129446,341.207829,19,54,5,20/12/2012 1:39,321365
11222,6937,0,9,205,209.53,,0,1899-12-30T00:00:00.000,,-1,69379,09/06/2015 1:33,72.627831,209.5333405,19,54,5,20/12/2012 1:39,321365
11226,7451,0,17,510,523.28,,0,1991-01-03T00:00:00.000,,-1,745117,09/06/2015 1:33,98.836887,523.278676,19,54,5,20/12/2012 1:39,321365
11231,7451,0,38,106,108.85,,0,1991-01-03T00:00:00.000,,-1,745138,09/06/2015 1:33,48.11404852,108.849988,19,54,5,20/12/2012 1:39,321365
11248,6919,0,25,292,300.17,,1,1991-01-03T00:00:00.000,,-1,691925,09/06/2015 1:33,69.90569544,300.1682045,19,54,5,20/12/2012 1:39,321365
11272,6918,0,42,288,293.96,,1,1991-01-03T00:00:00.000,,-1,691842,09/06/2015 1:33,83.66806585,293.9601195,19,54,5,20/12/2012 1:39,321365
11273,6919,0,21,264,260.9,,1,1991-01-03T00:00:00.000,,-1,691921,09/06/2015 1:33,75.31176978,260.89706,19,54,5,20/12/2012 1:39,321365
11274,6919,0,28,219,220.98,,1,1991-01-03T00:00:00.000,,-1,691928,09/06/2015 1:33,63.61461548,220.983045,19,54,5,20/12/2012 1:39,321365
11283,7431,0,9,510,520.4,,0,1991-01-03T00:00:00.000,,-1,74319,09/06/2015 1:33,104.3084381,520.399512,19,54,5,20/12/2012 1:39,321365
11291,6918,0,32,376,370.17,,1,1991-01-03T00:00:00.000,,-1,691832,09/06/2015 1:33,77.14349732,370.168525,19,54,5,20/12/2012 1:39,321365
11300,6933,0,73,457,447.54,2013-01-03T00:00:00.000,1,1991-01-03T00:00:00.000,,-1,693373,09/06/2015 1:33,87.62675459,447.5406375,19,54,5,20/12/2012 1:39,321365
11301,7430,0,2,567,585.49,,0,1991-01-03T00:00:00.000,,-1,74302,09/06/2015 1:33,99.69790106,585.4907435,19,54,5,20/12/2012 1:39,321365
11312,7430,0,27,336,343.04,,0,1991-01-03T00:00:00.000,,-1,743027,09/06/2015 1:33,92.26066679,343.038225,19,54,5,20/12/2012 1:39,321365
11315,6933,0,92,634,628,2013-01-03T00:00:00.000,1,1991-01-03T00:00:00.000,,-1,693392,09/06/2015 1:33,105.2787899,628.002701,19,54,5,20/12/2012 1:39,321365
11316,6918,0,9,549,552.28,,1,1991-01-03T00:00:00.000,,-1,69189,09/06/2015 1:33,94.1910623,552.2808355,19,54,5,20/12/2012 1:39,321365
11320,6933,0,94,304,305.8,2013-01-03T00:00:00.000,1,1991-01-03T00:00:00.000,,-1,693394,09/06/2015 1:33,70.08816018,305.796431,19,54,5,20/12/2012 1:39,321365
11325,6933,0,98,267,271.05,2013-01-03T00:00:00.000,1,1991-01-03T00:00:00.000,,-1,693398,09/06/2015 1:33,66.51338189,271.046975,19,54,5,20/12/2012 1:39,321365
11330,7430,0,28,576,565.48,,0,1991-01-03T00:00:00.000,,-1,743028,09/06/2015 1:33,102.5568659,565.4765155,19,54,5,20/12/2012 1:39,321365
11331,6918,0,76,548,549.63,,1,1991-01-03T00:00:00.000,,-1,691876,09/06/2015 1:33,97.61123642,549.6264475,19,54,5,20/12/2012 1:39,321365
11338,7430,0,23,474,459.96,,0,1991-01-03T00:00:00.000,,-1,743023,09/06/2015 1:33,90.32499628,459.956621,19,54,5,20/12/2012 1:39,321365
11345,7430,0,36,500,503.73,,0,1991-01-03T00:00:00.000,,-1,743036,09/06/2015 1:33,97.72505794,503.7334215,19,54,5,20/12/2012 1:39,321365
11366,6918,0,39,340,336.21,,1,1991-01-03T00:00:00.000,,-1,691839,09/06/2015 1:33,73.66298018,336.2093365,19,54,5,20/12/2012 1:39,321365
11368,6918,0,62,652,642.06,2006-07-20T00:00:00.000,1,1991-01-03T00:00:00.000,,-1,691862,09/06/2015 1:33,102.2987096,642.0636275,19,54,5,20/12/2012 1:39,321365
11369,7431,0,18,294,283.71,,0,1991-01-03T00:00:00.000,,-1,743118,09/06/2015 1:33,78.16777205,283.7114975,19,54,5,20/12/2012 1:39,321365
11370,7431,0,34,727,736.58,,2,1899-12-30T00:00:00.000,,-1,743134,09/06/2015 1:33,154.0951103,736.57767,19,54,5,20/12/2012 1:39,321365
11373,7431,0,17,719,713.47,,0,1991-01-03T00:00:00.000,,-1,743117,09/06/2015 1:33,108.3324507,713.470875,19,54,5,20/12/2012 1:39,321365
11379,6918,0,36,387,377.64,,1,1991-01-03T00:00:00.000,,-1,691836,09/06/2015 1:33,77.94445755,377.643327,19,54,5,20/12/2012 1:39,321365
11381,6918,0,66,241,241.76,,1,1991-01-03T00:00:00.000,,-1,691866,09/06/2015 1:33,61.46179233,241.7598515,19,54,5,20/12/2012 1:39,321365
11385,6918,0,73,284,281.49,,1,1991-01-03T00:00:00.000,,-1,691873,09/06/2015 1:33,80.263053,281.490357,19,54,5,20/12/2012 1:39,321365
11393,6918,0,13,725,717.22,,1,1991-01-03T00:00:00.000,,-1,691813,09/06/2015 1:33,112.2027916,717.22342,19,54,5,20/12/2012 1:39,321365
11400,7430,0,8,282,284.75,,0,1991-01-03T00:00:00.000,,-1,74308,09/06/2015 1:33,68.32813572,284.7508435,19,54,5,20/12/2012 1:39,321365
11411,6918,0,15,587,571.73,,1,1991-01-03T00:00:00.000,,-1,691815,09/06/2015 1:33,96.95845686,571.7286225,19,54,5,20/12/2012 1:39,321365
11413,6918,0,33,374,375.97,,1,1991-01-03T00:00:00.000,,-1,691833,09/06/2015 1:33,77.81255213,375.972552,19,54,5,20/12/2012 1:39,321365
11415,6918,0,41,573,568.66,,1,1991-01-03T00:00:00.000,,-1,691841,09/06/2015 1:33,99.16844203,568.6590945,19,54,5,20/12/2012 1:39,321365
11425,7227,0,33,173,182.77,,1,1991-01-03T00:00:00.000,,-1,722733,09/06/2015 1:33,56.54209735,182.765206,19,54,5,20/12/2012 1:39,321365
11499,6920,0,22,475,481.7,,1,1899-12-30T00:00:00.000,,-1,692022,09/06/2015 1:33,90.07798434,481.6974985,19,54,5,20/12/2012 1:39,321365
11503,6920,0,21,451,443.09,,1,1899-12-30T00:00:00.000,,-1,692021,09/06/2015 1:33,86.19353884,443.0940085,19,54,5,20/12/2012 1:39,321365
11513,6920,0,26,720,703.33,,1,1899-12-30T00:00:00.000,,-1,692026,09/06/2015 1:33,106.4786949,703.331483,19,54,5,20/12/2012 1:39,321365
11581,6918,0,49,1298,1299.43,,1,1991-01-03T00:00:00.000,,-1,691849,09/06/2015 1:33,163.8471818,1299.434473,19,54,5,20/12/2012 1:39,321365
11590,6918,0,60,308,304.4,,1,1991-01-03T00:00:00.000,,-1,691860,09/06/2015 1:33,77.36173755,304.403538,19,54,5,20/12/2012 1:39,321365
11591,6919,0,22,391,394.52,,1,1991-01-03T00:00:00.000,,-1,691922,09/06/2015 1:33,88.45752311,394.5151915,19,54,5,20/12/2012 1:39,321365
11635,6919,0,52,211,208.9,,2,1991-01-03T00:00:00.000,,-1,691952,09/06/2015 1:33,94.70026413,208.8958055,19,54,5,20/12/2012 1:39,321365
11640,6918,0,52,452,456.48,,1,1991-01-03T00:00:00.000,,-1,691852,09/06/2015 1:33,89.10181599,456.4779935,19,54,5,20/12/2012 1:39,321365
11642,6919,0,48,283,282.73,,1,1991-01-03T00:00:00.000,,-1,691948,09/06/2015 1:33,70.93171432,282.7337445,19,54,5,20/12/2012 1:39,321365
11643,7451,0,6,532,524.42,,0,1991-01-03T00:00:00.000,,-1,74516,09/06/2015 1:33,92.40262378,524.417922,19,54,5,20/12/2012 1:39,321365
11665,6919,0,47,265,267.41,,1,1991-01-03T00:00:00.000,,-1,691947,09/06/2015 1:33,70.87936348,267.4055585,19,54,5,20/12/2012 1:39,321365
11668,7451,0,7,562,544.1,,0,1991-01-03T00:00:00.000,,-1,74517,09/06/2015 1:33,94.91710104,544.1001775,19,54,5,20/12/2012 1:39,321365
11675,6919,0,43,267,262.29,,0,1991-01-03T00:00:00.000,,-1,691943,09/06/2015 1:33,71.99365833,262.287734,19,54,5,20/12/2012 1:39,321365
11679,7451,0,22,748,743.05,,0,1991-01-03T00:00:00.000,,-1,745122,09/06/2015 1:33,116.0951597,743.045228,19,54,5,20/12/2012 1:39,321365
11720,7451,0,11,462,445.27,,0,1991-01-03T00:00:00.000,,-1,745111,09/06/2015 1:33,85.63580638,445.2674905,19,54,5,20/12/2012 1:39,321365
11721,7451,0,12,550,553.74,,2,1991-01-03T00:00:00.000,,-1,745112,09/06/2015 1:33,96.78019406,553.736874,19,54,5,20/12/2012 1:39,321365
11732,7227,0,34,172,171.66,,1,1991-01-03T00:00:00.000,,-1,722734,09/06/2015 1:33,55.36885292,171.6613455,19,54,5,20/12/2012 1:39,321365
11738,7451,0,34,728,748.46,,2,1991-01-03T00:00:00.000,,-1,745134,09/06/2015 1:33,112.8246863,748.4573935,19,54,5,20/12/2012 1:39,321365
11799,7228,0,12,289,288.78,,1,1991-01-03T00:00:00.000,,-1,722812,09/06/2015 1:33,69.3750008,288.783032,19,54,5,20/12/2012 1:39,321365
11803,6937,0,21,508,516.73,,1,1899-12-30T00:00:00.000,,-1,693721,09/06/2015 1:33,96.59807506,516.727278,19,54,5,20/12/2012 1:39,321365
11852,7431,0,13,880,892.3,,0,1991-01-03T00:00:00.000,,-1,743113,09/06/2015 1:33,118.3343842,892.299377,19,54,5,20/12/2012 1:39,321365
11853,6918,0,48,544,541.19,,1,1991-01-03T00:00:00.000,,-1,691848,09/06/2015 1:33,100.1727819,541.190693,19,54,5,20/12/2012 1:39,321365
11857,6919,0,27,279,281.06,,0,1991-01-03T00:00:00.000,,-1,691927,09/06/2015 1:33,69.17298111,281.0649685,19,54,5,20/12/2012 1:39,321365
11858,6918,0,58,582,573.96,,1,1991-01-03T00:00:00.000,,-1,691858,09/06/2015 1:33,110.2961098,573.962324,19,54,5,20/12/2012 1:39,321365
11868,6918,0,34,833,845.01,,1,1991-01-03T00:00:00.000,,-1,691834,09/06/2015 1:33,127.4590111,845.0147735,19,54,5,20/12/2012 1:39,321365
11873,7431,0,22,539,545.36,,1,1991-01-03T00:00:00.000,,-1,743122,09/06/2015 1:33,94.38887667,545.3631265,19,54,5,20/12/2012 1:39,321365
11876,6918,0,35,543,539.96,,1,1991-01-03T00:00:00.000,,-1,691835,09/06/2015 1:33,95.69386874,539.959811,19,54,5,20/12/2012 1:39,321365
11890,7431,0,12,512,507.25,,0,1991-01-03T00:00:00.000,,-1,743112,09/06/2015 1:33,90.31128364,507.252473,19,54,5,20/12/2012 1:39,321365
11910,6918,0,38,287,288.33,,1,1991-01-03T00:00:00.000,,-1,691838,09/06/2015 1:33,68.29493836,288.3263095,19,54,5,20/12/2012 1:39,321365
11918,6933,0,119,523,532.58,2013-01-03T00:00:00.000,1,1991-01-03T00:00:00.000,,-1,6933119,09/06/2015 1:33,94.82212685,532.5808355,19,54,5,20/12/2012 1:39,321365
11923,6918,0,88,1100,1085.13,,1,1991-01-03T00:00:00.000,,-1,691888,09/06/2015 1:33,220.26688,1085.125827,19,54,5,20/12/2012 1:39,321365
12047,6918,0,46,203,208.72,,1,1991-01-03T00:00:00.000,,-1,691846,09/06/2015 1:33,58.54196508,208.715658,19,54,5,20/12/2012 1:39,321365
12049,6918,0,59,419,412.56,,1,1991-01-03T00:00:00.000,,-1,691859,09/06/2015 1:33,90.22371333,412.561826,19,54,5,20/12/2012 1:39,321365
12058,6919,0,49,288,296.75,,1,1991-01-03T00:00:00.000,,-1,691949,09/06/2015 1:33,73.01841362,296.74544,19,54,5,20/12/2012 1:39,321365
12077,6919,0,46,217,214.34,,1,1991-01-03T00:00:00.000,,-1,691946,09/06/2015 1:33,58.53201256,214.3441765,19,54,5,20/12/2012 1:39,321365
12079,7451,0,24,600,600.51,,0,1991-01-03T00:00:00.000,,-1,745124,09/06/2015 1:33,111.7384371,600.509563,19,54,5,20/12/2012 1:39,321365
12080,7451,0,8,542,557.15,,0,1991-01-03T00:00:00.000,,-1,74518,09/06/2015 1:33,95.98885285,557.146784,19,54,5,20/12/2012 1:39,321365
12084,7451,0,9,1382,1353.45,,2,1991-01-03T00:00:00.000,,-1,74519,09/06/2015 1:33,150.1860676,1353.454024,19,54,5,20/12/2012 1:39,321365
12090,7451,0,13,368,355.87,,0,1991-01-03T00:00:00.000,,-1,745113,09/06/2015 1:33,76.87309036,355.867446,19,54,5,20/12/2012 1:39,321365
12172,6919,0,44,210,212.17,,0,1991-01-03T00:00:00.000,,-1,691944,09/06/2015 1:33,58.29252836,212.1726625,19,54,5,20/12/2012 1:39,321365
12176,6919,0,54,586,577.55,,1,1991-01-03T00:00:00.000,,-1,691954,09/06/2015 1:33,98.12417821,577.55272,19,54,5,20/12/2012 1:39,321365
12177,7451,0,19,486,485.62,,0,1991-01-03T00:00:00.000,,-1,745119,09/06/2015 1:33,97.79234153,485.6170145,19,54,5,20/12/2012 1:39,321365
12210,6933,0,76,448,449.76,2013-01-03T00:00:00.000,1,1991-01-03T00:00:00.000,,-1,693376,09/06/2015 1:33,86.70147018,449.7616315,19,54,5,20/12/2012 1:39,321365
12215,6933,0,75,452,447.76,2013-01-03T00:00:00.000,0,1991-01-03T00:00:00.000,,-1,693375,09/06/2015 1:33,86.4763202,447.7567865,19,54,5,20/12/2012 1:39,321365
12218,6933,0,74,457,449.35,2013-01-03T00:00:00.000,1,1991-01-03T00:00:00.000,,-1,693374,09/06/2015 1:33,87.3503458,449.354046,19,54,5,20/12/2012 1:39,321365
12222,7430,0,20,794,783.75,2012-10-18T00:00:00.000,0,1991-01-03T00:00:00.000,"◊©◊ò◊ó ◊î◊ó◊ú◊ß◊î ◊™◊ï◊ß◊ü - 18.10.12 ◊¢""◊ô ◊í◊ì◊¢◊ï◊ü ◊ú◊§◊ô ◊†◊°◊ó ◊ï◊û◊§◊î",-1,743020,09/06/2015 1:33,113.1931326,783.751776,19,54,5,20/12/2012 1:39,321365
12225,7430,0,25,541,526.79,,0,1991-01-03T00:00:00.000,,-1,743025,09/06/2015 1:33,101.9632465,526.79083,19,54,5,20/12/2012 1:39,321365
12231,7451,0,18,486,487.39,,0,1991-01-03T00:00:00.000,,-1,745118,09/06/2015 1:33,97.36241755,487.386575,19,54,5,20/12/2012 1:39,321365
12234,6919,0,57,694,681.95,,1,1991-01-03T00:00:00.000,,-1,691957,09/06/2015 1:33,111.5477214,681.945682,19,54,5,20/12/2012 1:39,321365
12242,7451,0,14,371,382.9,,0,1991-01-03T00:00:00.000,,-1,745114,09/06/2015 1:33,79.23912982,382.8969765,19,54,5,20/12/2012 1:39,321365
12268,7451,0,35,532,512.14,,2,1991-01-03T00:00:00.000,,-1,745135,09/06/2015 1:33,93.82183562,512.144591,19,54,5,20/12/2012 1:39,321365
12276,7451,0,33,2266,2227.83,,2,1991-01-03T00:00:00.000,,-1,745133,09/06/2015 1:33,212.3856182,2227.833353,19,54,5,20/12/2012 1:39,321365
12283,7228,0,11,280,277.6,,1,1991-01-03T00:00:00.000,,-1,722811,09/06/2015 1:33,68.205427,277.5956025,19,54,5,20/12/2012 1:39,321365
12289,7228,0,10,291,277.25,,1,1991-01-03T00:00:00.000,,-1,722810,09/06/2015 1:33,68.14635765,277.2519695,19,54,5,20/12/2012 1:39,321365
12320,6920,0,27,671,656.05,2010-12-02T00:00:00.000,1,1899-12-30T00:00:00.000,,-1,692027,09/06/2015 1:33,103.3061386,656.050096,19,54,5,20/12/2012 1:39,321365
12345,7430,0,30,660,668.97,,0,1991-01-03T00:00:00.000,,-1,743030,09/06/2015 1:33,110.2362163,668.9717925,19,54,5,20/12/2012 1:39,321365
12348,6933,0,93,614,607.95,2013-01-03T00:00:00.000,1,1991-01-03T00:00:00.000,,-1,693393,09/06/2015 1:33,105.2142784,607.94554,19,54,5,20/12/2012 1:39,321365
12349,7430,0,34,827,813.28,,1,1991-01-03T00:00:00.000,,-1,743034,09/06/2015 1:33,135.0183495,813.279552,19,54,5,20/12/2012 1:39,321365
12351,7430,0,16,566,573.24,,0,1991-01-03T00:00:00.000,,-1,743016,09/06/2015 1:33,98.12416653,573.2419425,19,54,5,20/12/2012 1:39,321365
12352,6933,0,95,335,333.24,2013-01-03T00:00:00.000,0,1991-01-03T00:00:00.000,,-1,693395,09/06/2015 1:33,108.1241529,333.2350065,19,54,5,20/12/2012 1:39,321365
12354,7430,0,35,505,493.44,,0,1991-01-03T00:00:00.000,,-1,743035,09/06/2015 1:33,97.93567728,493.441826,19,54,5,20/12/2012 1:39,321365
12355,6933,0,96,305,321.03,2013-01-03T00:00:00.000,1,1991-01-03T00:00:00.000,,-1,693396,09/06/2015 1:33,91.23228685,321.034033,19,54,5,20/12/2012 1:39,321365
12431,7430,0,39,587,541.81,,0,1991-01-03T00:00:00.000,,-1,743039,09/06/2015 1:33,93.19173881,541.8092775,19,54,5,20/12/2012 1:39,321365
12435,7430,0,24,654,631.63,2012-05-01T00:00:00.000,1,1991-01-03T00:00:00.000,,-1,743024,09/06/2015 1:33,107.4687494,631.626384,19,54,5,20/12/2012 1:39,321365
12437,7430,0,5,295,292.44,,0,1991-01-03T00:00:00.000,,-1,74305,09/06/2015 1:33,76.52302771,292.4365835,19,54,5,20/12/2012 1:39,321365
12439,6918,0,12,646,638.76,,1,1991-01-03T00:00:00.000,,-1,691812,09/06/2015 1:33,106.0204366,638.762318,19,54,5,20/12/2012 1:39,321365
12440,6933,0,99,391,395.02,2013-01-03T00:00:00.000,1,1991-01-03T00:00:00.000,,-1,693399,09/06/2015 1:33,79.95354514,395.024474,19,54,5,20/12/2012 1:39,321365
12444,6918,0,23,284,286.64,,1,1991-01-03T00:00:00.000,,-1,691823,09/06/2015 1:33,89.23843857,286.644105,19,54,5,20/12/2012 1:39,321365
12449,6918,0,22,375,389.02,,1,1991-01-03T00:00:00.000,,-1,691822,09/06/2015 1:33,91.53007237,389.0178125,19,54,5,20/12/2012 1:39,321365
12450,7430,0,37,644,633.45,,0,1991-01-03T00:00:00.000,,-1,743037,09/06/2015 1:33,105.1764596,633.4533225,19,54,5,20/12/2012 1:39,321365
12468,7430,0,44,1681,1670.29,,2,1991-01-03T00:00:00.000,,-1,743044,09/06/2015 1:33,354.0134543,1670.286204,19,54,5,20/12/2012 1:39,321365
12471,7430,0,33,328,304,,0,1991-01-03T00:00:00.000,,-1,743033,09/06/2015 1:33,70.01420363,303.99707,19,54,5,20/12/2012 1:39,321365
12472,6918,0,16,288,275.19,,1,1991-01-03T00:00:00.000,,-1,691816,09/06/2015 1:33,69.94855636,275.1860795,19,54,5,20/12/2012 1:39,321365
12476,7431,0,1,519,535.34,,0,1991-01-03T00:00:00.000,,-1,74311,09/06/2015 1:33,93.98153512,535.33826,19,54,5,20/12/2012 1:39,321365
12482,7431,0,2,508,520.82,,0,1991-01-03T00:00:00.000,,-1,74312,09/06/2015 1:33,92.22190059,520.8186225,19,54,5,20/12/2012 1:39,321365
12528,7431,0,3,482,502.51,,1,1991-01-03T00:00:00.000,,-1,74313,09/06/2015 1:33,90.7097653,502.5144005,19,54,5,20/12/2012 1:39,321365
12532,7431,0,4,361,364.61,,0,1991-01-03T00:00:00.000,,-1,74314,09/06/2015 1:33,88.45461657,364.612731,19,54,5,20/12/2012 1:39,321365
12533,7431,0,5,272,288.55,,1,1991-01-03T00:00:00.000,,-1,74315,09/06/2015 1:33,85.48843211,288.5534145,19,54,5,20/12/2012 1:39,321365
12534,7430,0,9,321,309.62,,0,1991-01-03T00:00:00.000,,-1,74309,09/06/2015 1:33,70.11920722,309.620048,19,54,5,20/12/2012 1:39,321365
12537,6918,0,84,673,651.01,,1,1991-01-03T00:00:00.000,,-1,691884,09/06/2015 1:33,170.346818,651.0112905,19,54,5,20/12/2012 1:39,321365
12847,6919,0,26,278,275,,1,1991-01-03T00:00:00.000,,-1,691926,09/06/2015 1:33,68.50169526,275.0046795,19,54,5,20/12/2012 1:39,321365
12848,6919,0,24,305,312.18,,1,1991-01-03T00:00:00.000,,-1,691924,09/06/2015 1:33,79.21997034,312.180795,19,54,5,20/12/2012 1:39,321365
12851,6918,0,56,646,665.12,,1,1991-01-03T00:00:00.000,,-1,691856,09/06/2015 1:33,107.0254647,665.119258,19,54,5,20/12/2012 1:39,321365
12859,7431,0,7,350,359.44,,1,1991-01-03T00:00:00.000,,-1,74317,09/06/2015 1:33,89.13908926,359.441976,19,54,5,20/12/2012 1:39,321365
12861,7431,0,8,556,585.02,,1,1991-01-03T00:00:00.000,,-1,74318,09/06/2015 1:33,105.9376972,585.018357,19,54,5,20/12/2012 1:39,321365
12863,7430,0,10,548,566.08,,0,1991-01-03T00:00:00.000,,-1,743010,09/06/2015 1:33,96.45632887,566.0761175,19,54,5,20/12/2012 1:39,321365
12969,6918,0,14,778,764.93,,1,1991-01-03T00:00:00.000,,-1,691814,09/06/2015 1:33,111.8978407,764.932659,19,54,5,20/12/2012 1:39,321365
12973,7431,0,10,523,531.21,,0,1991-01-03T00:00:00.000,,-1,743110,09/06/2015 1:33,106.9795634,531.206696,19,54,5,20/12/2012 1:39,321365
12975,7431,0,21,543,536.59,,0,1991-01-03T00:00:00.000,,-1,743121,09/06/2015 1:33,96.18251352,536.5897975,19,54,5,20/12/2012 1:39,321365
12977,7431,0,20,639,638.41,,0,1991-01-03T00:00:00.000,,-1,743120,09/06/2015 1:33,106.2159133,638.405749,19,54,5,20/12/2012 1:39,321365
13055,6918,0,40,1732,1729.39,,1,1991-01-03T00:00:00.000,,-1,691840,09/06/2015 1:33,172.036432,1729.3889,19,54,5,20/12/2012 1:39,321365
13072,6918,0,44,394,388.12,,1,1991-01-03T00:00:00.000,,-1,691844,09/06/2015 1:33,81.66589459,388.121318,19,54,5,20/12/2012 1:39,321365
13115,6919,0,30,282,286.41,,1,1991-01-03T00:00:00.000,,-1,691930,09/06/2015 1:33,71.49300438,286.4071095,19,54,5,20/12/2012 1:39,321365
13119,6919,0,31,294,295.16,,1,1991-01-03T00:00:00.000,,-1,691931,09/06/2015 1:33,72.92829002,295.1602725,19,54,5,20/12/2012 1:39,321365
13120,6918,0,45,243,237.55,,1,1991-01-03T00:00:00.000,,-1,691845,09/06/2015 1:33,63.19772164,237.551549,19,54,5,20/12/2012 1:39,321365
13129,7451,0,4,556,530.87,,0,1991-01-03T00:00:00.000,,-1,74514,09/06/2015 1:33,92.38756024,530.8712425,19,54,5,20/12/2012 1:39,321365
13165,6919,0,50,213,208.92,,1,1991-01-03T00:00:00.000,,-1,691950,09/06/2015 1:33,56.22140398,208.922859,19,54,5,20/12/2012 1:39,321365
13170,7451,0,25,725,720.04,,0,1991-01-03T00:00:00.000,,-1,745125,09/06/2015 1:33,115.623949,720.0433795,19,54,5,20/12/2012 1:39,321365
13190,7451,0,31,412,406.94,,0,1991-01-03T00:00:00.000,,-1,745131,09/06/2015 1:33,88.8925039,406.940467,19,54,5,20/12/2012 1:39,321365
13280,7451,0,20,544,534.08,,0,1991-01-03T00:00:00.000,,-1,745120,09/06/2015 1:33,101.5583311,534.07871,19,54,5,20/12/2012 1:39,321365
13281,6919,0,56,287,286.3,,1,1991-01-03T00:00:00.000,,-1,691956,09/06/2015 1:33,70.42298443,286.2978135,19,54,5,20/12/2012 1:39,321365
13282,6937,0,8,282,279.31,,0,1899-12-30T00:00:00.000,,-1,69378,09/06/2015 1:33,76.91271329,279.313463,19,54,5,20/12/2012 1:39,321365
13302,7451,0,26,364,352.25,,0,1991-01-03T00:00:00.000,,-1,745126,09/06/2015 1:33,75.34082149,352.246131,19,54,5,20/12/2012 1:39,321365
13303,7451,0,16,840,855.44,,0,1991-01-03T00:00:00.000,,-1,745116,09/06/2015 1:33,123.1751594,855.4433605,19,54,5,20/12/2012 1:39,321365
13309,7451,0,32,529,530.52,,0,1991-01-03T00:00:00.000,,-1,745132,09/06/2015 1:33,92.93033548,530.5198775,19,54,5,20/12/2012 1:39,321365
13345,7227,0,32,176,172.24,,1,1991-01-03T00:00:00.000,,-1,722732,09/06/2015 1:33,54.78842948,172.241767,19,54,5,20/12/2012 1:39,321365
13351,7228,0,13,281,282.46,,1,1991-01-03T00:00:00.000,,-1,722813,09/06/2015 1:33,68.92018008,282.460053,19,54,5,20/12/2012 1:39,321365
13352,7451,0,36,536,533.57,,0,1991-01-03T00:00:00.000,,-1,745136,09/06/2015 1:33,103.4945072,533.574544,19,54,5,20/12/2012 1:39,321365
19974,6937,0,10,243,249.26,,1,2005-05-25T00:00:00.000,,-1,693710,09/06/2015 1:33,75.80226105,249.256787,19,54,5,20/12/2012 1:39,321365
19982,7460,0,24,1420,1426.28,,0,2005-08-23T00:00:00.000,,-1,746024,09/06/2015 1:33,152.3298753,1426.284445,19,54,5,20/12/2012 1:39,321365
19984,6920,0,5,458,455.85,2005-08-23T00:00:00.000,1,1899-12-30T00:00:00.000,,-1,69205,09/06/2015 1:33,86.97231665,455.849782,19,54,5,20/12/2012 1:39,321365
19985,6920,0,6,468,467.9,2005-08-23T00:00:00.000,1,1899-12-30T00:00:00.000,,-1,69206,09/06/2015 1:33,87.97345004,467.9017135,19,54,5,20/12/2012 1:39,321365
19986,7460,0,29,610,605.35,,0,2005-08-23T00:00:00.000,,-1,746029,09/06/2015 1:33,104.5557485,605.352405,19,54,5,20/12/2012 1:39,321365
19987,6920,0,23,448,432.44,2005-08-23T00:00:00.000,1,1899-12-30T00:00:00.000,,-1,692023,09/06/2015 1:33,83.617263,432.4391845,19,54,5,20/12/2012 1:39,321365
20026,6937,0,17,925,914.73,2005-05-25T00:00:00.000,0,1899-12-30T00:00:00.000,,-1,693717,09/06/2015 1:33,121.22895,914.731736,19,54,5,20/12/2012 1:39,321365
20027,6937,0,18,703,719.07,2005-05-25T00:00:00.000,1,1899-12-30T00:00:00.000,,-1,693718,09/06/2015 1:33,113.7236308,719.06745,19,54,5,20/12/2012 1:39,321365
20134,6937,0,20,490,446.96,,1,2005-05-25T00:00:00.000,,-1,693720,09/06/2015 1:33,88.92864911,446.962224,19,54,5,20/12/2012 1:39,321365
20148,6937,0,11,441,436.08,2005-05-25T00:00:00.000,1,1899-12-30T00:00:00.000,,-1,693711,09/06/2015 1:33,89.00795939,436.081221,19,54,5,20/12/2012 1:39,321365
20149,6937,0,13,391,369.53,2005-05-25T00:00:00.000,1,1899-12-30T00:00:00.000,,-1,693713,09/06/2015 1:33,95.07641436,369.5292585,19,54,5,20/12/2012 1:39,321365
20150,6937,0,16,690,688.11,2005-05-25T00:00:00.000,0,1899-12-30T00:00:00.000,,-1,693716,09/06/2015 1:33,106.3796535,688.113436,19,54,5,20/12/2012 1:39,321365
20151,6937,0,14,785,742.17,2005-05-25T00:00:00.000,1,1899-12-30T00:00:00.000,,-1,693714,09/06/2015 1:33,116.3390276,742.172996,19,54,5,20/12/2012 1:39,321365
20240,6921,1,100,1289.84718,1147.66,2005-08-23T00:00:00.000,0,1991-01-03T00:00:00.000,,-1,6921100,09/06/2015 1:33,234.9274916,1147.656044,19,54,5,20/12/2012 1:39,321365
20245,6937,0,12,359,370.37,2005-05-25T00:00:00.000,1,1899-12-30T00:00:00.000,,-1,693712,09/06/2015 1:33,95.29833745,370.3688365,19,54,5,20/12/2012 1:39,321365
20246,6937,0,54,857,855.44,2005-08-23T00:00:00.000,2,1899-12-30T00:00:00.000,,-1,693754,09/06/2015 1:33,175.2075755,855.436096,19,54,5,20/12/2012 1:39,321365
20391,7460,0,32,579,571.06,,0,2005-08-23T00:00:00.000,,-1,746032,09/06/2015 1:33,136.0497402,571.061651,19,54,5,20/12/2012 1:39,321365
20397,6920,0,24,582,576.33,2005-08-23T00:00:00.000,1,1899-12-30T00:00:00.000,,-1,692024,09/06/2015 1:33,96.99899044,576.334408,19,54,5,20/12/2012 1:39,321365
20398,7460,0,13,515,508.21,,0,2005-08-23T00:00:00.000,,-1,746013,09/06/2015 1:33,92.88468901,508.214578,19,54,5,20/12/2012 1:39,321365
20399,7460,0,4,650,642.91,,0,2005-08-23T00:00:00.000,,-1,74604,09/06/2015 1:33,106.1900846,642.9057465,19,54,5,20/12/2012 1:39,321365
20400,7460,0,22,594,590.17,,0,2005-08-23T00:00:00.000,,-1,746022,09/06/2015 1:33,100.7311215,590.170425,19,54,5,20/12/2012 1:39,321365
20401,6918,0,54,616,599.7,2005-08-23T00:00:00.000,1,1991-01-03T00:00:00.000,,-1,691854,09/06/2015 1:33,100.3339774,599.6952345,19,54,5,20/12/2012 1:39,321365
20456,7460,0,28,605,607.46,,0,2005-08-23T00:00:00.000,,-1,746028,09/06/2015 1:33,102.4726457,607.4560165,19,54,5,20/12/2012 1:39,321365
20540,7460,0,11,629,630.76,,0,2005-08-23T00:00:00.000,,-1,746011,09/06/2015 1:33,101.4488493,630.7648915,19,54,5,20/12/2012 1:39,321365
20541,7460,0,12,503,506.22,,0,2005-08-23T00:00:00.000,,-1,746012,09/06/2015 1:33,92.4304373,506.2244105,19,54,5,20/12/2012 1:39,321365
20542,7460,0,21,567,558.94,,0,2005-08-23T00:00:00.000,,-1,746021,09/06/2015 1:33,98.95633836,558.9421525,19,54,5,20/12/2012 1:39,321365
20570,7460,0,17,517,505.65,,0,2005-08-23T00:00:00.000,,-1,746017,09/06/2015 1:33,92.26872175,505.6456445,19,54,5,20/12/2012 1:39,321365
21149,7431,0,27,410,398.13,2006-05-04T00:00:00.000,0,1991-01-03T00:00:00.000,,-1,743127,09/06/2015 1:33,85.29356367,398.1339695,19,54,5,20/12/2012 1:39,321365
21150,7431,0,35,3237,3239.92,2006-05-04T00:00:00.000,2,1991-01-03T00:00:00.000,,-1,743135,09/06/2015 1:33,494.3750706,3239.915683,19,54,5,20/12/2012 1:39,321365
21151,7431,0,32,530,561.08,2006-05-04T00:00:00.000,0,1991-01-03T00:00:00.000,,-1,743132,09/06/2015 1:33,94.3426965,561.077084,19,54,5,20/12/2012 1:39,321365
21175,7435,0,24,672,692.1,2006-05-04T00:00:00.000,2,1899-12-30T00:00:00.000,,-1,743524,09/06/2015 1:33,165.7316049,692.097748,19,54,5,20/12/2012 1:39,321365
21176,7431,0,31,537,542.1,2006-05-04T00:00:00.000,1,1991-01-03T00:00:00.000,,-1,743131,09/06/2015 1:33,93.13955182,542.1010185,19,54,5,20/12/2012 1:39,321365
21177,7431,0,30,542,547.15,2006-05-04T00:00:00.000,1,1991-01-03T00:00:00.000,,-1,743130,09/06/2015 1:33,93.59111078,547.146555,19,54,5,20/12/2012 1:39,321365
21178,7431,0,33,536,584.52,2006-05-04T00:00:00.000,0,1991-01-03T00:00:00.000,,-1,743133,09/06/2015 1:33,96.22755664,584.523106,19,54,5,20/12/2012 1:39,321365
21179,7431,0,36,626,611.74,2006-05-04T00:00:00.000,2,1991-01-03T00:00:00.000,,-1,743136,09/06/2015 1:33,157.8132239,611.741485,19,54,5,20/12/2012 1:39,321365
21354,7431,0,25,523,522.12,2006-05-04T00:00:00.000,1,1991-01-03T00:00:00.000,,-1,743125,09/06/2015 1:33,90.9496293,522.1171695,19,54,5,20/12/2012 1:39,321365
21355,7431,0,28,343,316.26,2006-05-04T00:00:00.000,0,1991-01-03T00:00:00.000,,-1,743128,09/06/2015 1:33,78.83861257,316.2610155,19,54,5,20/12/2012 1:39,321365
21356,7431,0,24,5342,5327.37,2006-05-04T00:00:00.000,2,1991-01-03T00:00:00.000,,-1,743124,09/06/2015 1:33,297.2452165,5327.370507,19,54,5,20/12/2012 1:39,321365
21594,7227,0,40,172,166.07,2006-06-04T00:00:00.000,1,1991-01-03T00:00:00.000,,-1,722740,09/06/2015 1:33,54.35672109,166.0732045,19,54,5,20/12/2012 1:39,321365
22114,6918,0,74,602,607.14,2006-07-20T00:00:00.000,1,1991-01-03T00:00:00.000,,-1,691874,09/06/2015 1:33,103.6969049,607.140878,19,54,5,20/12/2012 1:39,321365
22115,6918,0,70,361,346.62,2006-07-20T00:00:00.000,0,1899-12-30T00:00:00.000,,-1,691870,09/06/2015 1:33,84.34661688,346.618405,19,54,5,20/12/2012 1:39,321365
22116,6918,0,71,683,678.56,2006-07-20T00:00:00.000,1,1991-01-03T00:00:00.000,,-1,691871,09/06/2015 1:33,108.4841058,678.5590345,19,54,5,20/12/2012 1:39,321365
22117,6918,0,67,563,562.49,2006-07-20T00:00:00.000,1,1991-01-03T00:00:00.000,,-1,691867,09/06/2015 1:33,96.87478373,562.4932715,19,54,5,20/12/2012 1:39,321365
22192,6918,0,63,449,440.57,2006-07-20T00:00:00.000,1,1991-01-03T00:00:00.000,,-1,691863,09/06/2015 1:33,84.21090524,440.573844,19,54,5,20/12/2012 1:39,321365
22193,6918,0,64,1070,1068.62,2006-07-20T00:00:00.000,1,1991-01-03T00:00:00.000,,-1,691864,09/06/2015 1:33,154.037147,1068.619611,19,54,5,20/12/2012 1:39,321365
23147,7451,0,27,876,855.7,2007-02-15T00:00:00.000,2,1991-01-03T00:00:00.000,,-1,745127,09/06/2015 1:33,127.0436018,855.696403,19,54,5,20/12/2012 1:39,321365
23148,7451,0,44,364,350.43,,0,2007-02-15T00:00:00.000,,-1,745144,09/06/2015 1:33,77.55472711,350.4269595,19,54,5,20/12/2012 1:39,321365
23653,6937,0,15,692,753.13,2005-05-25T00:00:00.000,1,1899-12-30T00:00:00.000,,-1,693715,09/06/2015 1:33,116.6308427,753.1340425,19,54,5,20/12/2012 1:39,321365
23654,6937,0,19,956,990.64,2005-05-25T00:00:00.000,0,1899-12-30T00:00:00.000,,-1,693719,09/06/2015 1:33,125.9980342,990.640535,19,54,5,20/12/2012 1:39,321365
23655,6919,0,61,340,338.79,2007-08-09T00:00:00.000,1,1991-01-03T00:00:00.000,,-1,691961,09/06/2015 1:33,88.03175519,338.7946525,19,54,5,20/12/2012 1:39,321365
23656,6919,0,33,275,276.51,2007-08-09T00:00:00.000,1,1991-01-03T00:00:00.000,,-1,691933,09/06/2015 1:33,72.4540274,276.506587,19,54,5,20/12/2012 1:39,321365
23657,6919,0,38,617,616.88,2007-08-09T00:00:00.000,1,1991-01-03T00:00:00.000,,-1,691938,09/06/2015 1:33,103.9051998,616.875316,19,54,5,20/12/2012 1:39,321365
23658,6919,0,70,1301,1288.74,2007-08-09T00:00:00.000,2,1991-01-03T00:00:00.000,,-1,691970,09/06/2015 1:33,283.6078073,1288.735583,19,54,5,20/12/2012 1:39,321365
23659,6919,0,34,267,259.1,2007-08-09T00:00:00.000,0,1991-01-03T00:00:00.000,,-1,691934,09/06/2015 1:33,77.67746942,259.101987,19,54,5,20/12/2012 1:39,321365
23660,6919,0,9,196,196.32,2007-08-09T00:00:00.000,1,1991-01-03T00:00:00.000,,-1,69199,09/06/2015 1:33,56.88385937,196.3241785,19,54,5,20/12/2012 1:39,321365
23661,6919,0,10,203,201.65,2007-08-09T00:00:00.000,1,1991-01-03T00:00:00.000,,-1,691910,09/06/2015 1:33,57.47254148,201.6509475,19,54,5,20/12/2012 1:39,321365
23782,6920,0,7,528,556.51,2007-08-09T00:00:00.000,1,1899-12-30T00:00:00.000,,-1,69207,09/06/2015 1:33,99.04657053,556.5139715,19,54,5,20/12/2012 1:39,321365
23783,6919,0,66,330,328.44,2007-08-09T00:00:00.000,1,1991-01-03T00:00:00.000,,-1,691966,09/06/2015 1:33,74.88273881,328.43876,19,54,5,20/12/2012 1:39,321365
23784,6919,0,65,347,345.72,2007-08-09T00:00:00.000,1,1991-01-03T00:00:00.000,,-1,691965,09/06/2015 1:33,75.36805912,345.722379,19,54,5,20/12/2012 1:39,321365
23785,6919,0,36,502,501.59,2007-08-09T00:00:00.000,2,1991-01-03T00:00:00.000,,-1,691936,09/06/2015 1:33,90.38106378,501.587107,19,54,5,20/12/2012 1:39,321365
23786,6919,0,42,257,248.75,2007-08-09T00:00:00.000,1,1991-01-03T00:00:00.000,,-1,691942,09/06/2015 1:33,70.82778243,248.747765,19,54,5,20/12/2012 1:39,321365
23787,6919,0,7,137,133.47,2007-08-09T00:00:00.000,1,1991-01-03T00:00:00.000,,-1,69197,09/06/2015 1:33,47.70581562,133.474628,19,54,5,20/12/2012 1:39,321365
23788,6919,0,6,196,188.62,2007-08-09T00:00:00.000,1,1991-01-03T00:00:00.000,,-1,69196,09/06/2015 1:33,56.52736204,188.624351,19,54,5,20/12/2012 1:39,321365
23830,6919,0,63,563,564.18,2007-08-09T00:00:00.000,1,1991-01-03T00:00:00.000,,-1,691963,09/06/2015 1:33,97.68119686,564.180333,19,54,5,20/12/2012 1:39,321365
23831,6919,0,64,374,374.52,2007-08-09T00:00:00.000,1,1991-01-03T00:00:00.000,,-1,691964,09/06/2015 1:33,85.69734281,374.5182725,19,54,5,20/12/2012 1:39,321365
23832,7228,0,53,567,559.88,2007-08-09T00:00:00.000,1,1991-01-03T00:00:00.000,,-1,722853,09/06/2015 1:33,97.34145664,559.8777545,19,54,5,20/12/2012 1:39,321365
23833,6919,0,37,722,722.85,2007-08-09T00:00:00.000,1,1991-01-03T00:00:00.000,,-1,691937,09/06/2015 1:33,109.1941257,722.8510555,19,54,5,20/12/2012 1:39,321365
23834,6919,0,39,701,697.2,2007-08-09T00:00:00.000,1,1991-01-03T00:00:00.000,,-1,691939,09/06/2015 1:33,106.5146746,697.198603,19,54,5,20/12/2012 1:39,321365
23835,6919,0,35,405,407.66,2007-08-09T00:00:00.000,0,1991-01-03T00:00:00.000,,-1,691935,09/06/2015 1:33,85.40650028,407.660097,19,54,5,20/12/2012 1:39,321365
23836,6919,0,20,411,398.06,2007-08-09T00:00:00.000,1,1991-01-03T00:00:00.000,,-1,691920,09/06/2015 1:33,80.23004243,398.0550645,19,54,5,20/12/2012 1:39,321365
23837,6919,0,68,1198,1179.62,2007-08-09T00:00:00.000,2,1991-01-03T00:00:00.000,,-1,691968,09/06/2015 1:33,265.7749326,1179.615958,19,54,5,20/12/2012 1:39,321365
23930,7460,0,5,311,310.6,,0,2005-08-23T00:00:00.000,,-1,74605,09/06/2015 1:33,70.52427175,310.597298,19,54,5,20/12/2012 1:39,321365
23931,7460,0,25,565,566.84,,0,2005-08-23T00:00:00.000,,-1,746025,09/06/2015 1:33,100.5211676,566.8442195,19,54,5,20/12/2012 1:39,321365
23932,7460,0,23,674,670.24,,0,2005-08-23T00:00:00.000,,-1,746023,09/06/2015 1:33,105.3719484,670.2354705,19,54,5,20/12/2012 1:39,321365
23941,6933,0,114,559,536.93,2013-01-03T00:00:00.000,1,1991-01-03T00:00:00.000,,-1,6933114,09/06/2015 1:33,94.86075687,536.9336655,19,54,5,20/12/2012 1:39,321365
23942,6933,0,113,573,585.08,2013-01-03T00:00:00.000,1,1991-01-03T00:00:00.000,,-1,6933113,09/06/2015 1:33,98.00389363,585.0836635,19,54,5,20/12/2012 1:39,321365
23948,6933,0,117,627,622.08,2013-01-03T00:00:00.000,1,1991-01-03T00:00:00.000,,-1,6933117,09/06/2015 1:33,108.5737213,622.0761975,19,54,5,20/12/2012 1:39,321365
23968,6933,0,116,571,571.27,2013-01-03T00:00:00.000,1,1991-01-03T00:00:00.000,,-1,6933116,09/06/2015 1:33,98.67356964,571.2741375,19,54,5,20/12/2012 1:39,321365
23969,6933,0,115,580,575.07,2013-01-03T00:00:00.000,1,1991-01-03T00:00:00.000,,-1,6933115,09/06/2015 1:33,102.053864,575.0671895,19,54,5,20/12/2012 1:39,321365
23970,6933,0,105,578,609.63,2013-01-03T00:00:00.000,1,1991-01-03T00:00:00.000,,-1,6933105,09/06/2015 1:33,103.6440415,609.628286,19,54,5,20/12/2012 1:39,321365
23971,6933,0,102,643,668.77,2013-01-03T00:00:00.000,0,1991-01-03T00:00:00.000,,-1,6933102,09/06/2015 1:33,110.2563629,668.7682575,19,54,5,20/12/2012 1:39,321365
24021,6920,0,25,485,506.7,2005-08-23T00:00:00.000,1,1899-12-30T00:00:00.000,,-1,692025,09/06/2015 1:33,93.29004405,506.699356,19,54,5,20/12/2012 1:39,321365
24022,7460,0,6,309,307.27,,0,2005-08-23T00:00:00.000,,-1,74606,09/06/2015 1:33,70.14700364,307.2717105,19,54,5,20/12/2012 1:39,321365
24274,7431,0,26,375,360.25,2006-05-04T00:00:00.000,0,1991-01-03T00:00:00.000,,-1,743126,09/06/2015 1:33,78.55162852,360.250462,19,54,5,20/12/2012 1:39,321365
24275,7431,0,29,1077,1036.73,2006-05-04T00:00:00.000,0,1991-01-03T00:00:00.000,,-1,743129,09/06/2015 1:33,137.5383085,1036.726614,19,54,5,20/12/2012 1:39,321365
24336,7227,0,41,182,178.12,2006-06-04T00:00:00.000,1,1991-01-03T00:00:00.000,,-1,722741,09/06/2015 1:33,55.91533359,178.1236655,19,54,5,20/12/2012 1:39,321365
24479,6918,0,69,346,340.89,2006-07-20T00:00:00.000,1,1991-01-03T00:00:00.000,,-1,691869,09/06/2015 1:33,92.97916875,340.887294,19,54,5,20/12/2012 1:39,321365
24480,6918,0,68,539,542.76,2006-07-20T00:00:00.000,1,1991-01-03T00:00:00.000,,-1,691868,09/06/2015 1:33,95.44600591,542.759006,19,54,5,20/12/2012 1:39,321365
25600,7429,0,77,2284,2386.92,2008-06-02T00:00:00.000,2,1991-01-03T00:00:00.000,,-1,742977,09/06/2015 1:33,492.1130312,2386.921732,19,54,5,20/12/2012 1:39,321365
25818,7430,0,1,570,578.85,2008-06-02T00:00:00.000,0,1991-01-03T00:00:00.000,,-1,74301,09/06/2015 1:33,98.30966662,578.854549,19,54,5,20/12/2012 1:39,321365
26032,7451,0,29,726,752.77,2010-09-21T00:00:00.000,0,1991-01-03T00:00:00.000,,-1,745129,09/06/2015 1:33,106.6005715,752.7684075,19,54,5,20/12/2012 1:39,321365
26033,7451,0,43,250,246.91,,0,2007-02-15T00:00:00.000,,-1,745143,09/06/2015 1:33,63.86217393,246.9123145,19,54,5,20/12/2012 1:39,321365
26831,6920,0,4,2003,1980.13,2007-08-09T00:00:00.000,2,1899-12-30T00:00:00.000,,-1,69204,09/06/2015 1:33,231.4738568,1980.129905,19,54,5,20/12/2012 1:39,321365
26832,6919,0,58,703,682.7,2007-08-09T00:00:00.000,1,1991-01-03T00:00:00.000,,-1,691958,09/06/2015 1:33,110.720945,682.698329,19,54,5,20/12/2012 1:39,321365
26833,6919,0,62,648,645.93,2007-08-09T00:00:00.000,1,1991-01-03T00:00:00.000,,-1,691962,09/06/2015 1:33,112.5447609,645.933767,19,54,5,20/12/2012 1:39,321365
26834,6919,0,60,392,389.89,2007-08-09T00:00:00.000,1,1991-01-03T00:00:00.000,,-1,691960,09/06/2015 1:33,89.75443112,389.8935465,19,54,5,20/12/2012 1:39,321365
26835,6919,0,17,848,848.99,2007-08-09T00:00:00.000,2,1991-01-03T00:00:00.000,,-1,691917,09/06/2015 1:33,118.7590114,848.991498,19,54,5,20/12/2012 1:39,321365
26836,6919,0,18,394,395.79,2007-08-09T00:00:00.000,1,1991-01-03T00:00:00.000,,-1,691918,09/06/2015 1:33,88.34897431,395.78649,19,54,5,20/12/2012 1:39,321365
26837,6919,0,19,519,506.07,2007-08-09T00:00:00.000,1,1991-01-03T00:00:00.000,,-1,691919,09/06/2015 1:33,113.7575232,506.067404,19,54,5,20/12/2012 1:39,321365
26838,6919,0,8,175,175.09,2007-08-09T00:00:00.000,1,1991-01-03T00:00:00.000,,-1,69198,09/06/2015 1:33,53.28350387,175.091218,19,54,5,20/12/2012 1:39,321365
26839,6919,0,15,274,274.94,2007-08-09T00:00:00.000,1,1991-01-03T00:00:00.000,,-1,691915,09/06/2015 1:33,66.32714788,274.939901,19,54,5,20/12/2012 1:39,321365
27532,6933,0,118,628,617.58,2013-01-03T00:00:00.000,1,1991-01-03T00:00:00.000,,-1,6933118,09/06/2015 1:33,107.3396455,617.5763215,19,54,5,20/12/2012 1:39,321365
27533,6933,0,106,568,589.09,2013-01-03T00:00:00.000,1,1991-01-03T00:00:00.000,,-1,6933106,09/06/2015 1:33,101.6621016,589.0909435,19,54,5,20/12/2012 1:39,321365
27534,6933,0,101,620,650.8,2013-01-03T00:00:00.000,1,1991-01-03T00:00:00.000,,-1,6933101,09/06/2015 1:33,102.2394632,650.798109,19,54,5,20/12/2012 1:39,321365
28224,6934,1,224,4061.13,1805.04,2009-09-07T00:00:00.000,0,1991-01-03T00:00:00.000,,-1,6934224,09/06/2015 1:33,376.4319515,1805.044838,19,54,5,20/12/2012 1:39,321365
28225,7227,0,109,346,342.9,2009-08-30T00:00:00.000,1,1991-01-03T00:00:00.000,,-1,7227109,09/06/2015 1:33,74.06697933,342.897911,19,54,5,20/12/2012 1:39,321365
28226,7227,0,35,172,171.85,2009-08-30T00:00:00.000,1,1991-01-03T00:00:00.000,,-1,722735,09/06/2015 1:33,55.44081792,171.854844,19,54,5,20/12/2012 1:39,321365
28435,7227,0,103,344,343.47,2009-08-30T00:00:00.000,1,1991-01-03T00:00:00.000,,-1,7227103,09/06/2015 1:33,74.08674759,343.4680105,19,54,5,20/12/2012 1:39,321365
28756,6920,1,72,4637.93,1743.51,2009-11-11T00:00:00.000,0,2005-08-23T00:00:00.000,,-1,692072,09/06/2015 1:33,322.6053449,1743.50572,19,54,5,20/12/2012 1:39,321365
28875,6918,0,29,172,184.6,2009-11-29T00:00:00.000,1,1991-01-03T00:00:00.000,,-1,691829,09/06/2015 1:33,54.33533193,184.5998225,19,54,5,20/12/2012 1:39,321365
28876,6918,0,87,1971,1978.88,2009-11-29T00:00:00.000,1,1991-01-03T00:00:00.000,,-1,691887,09/06/2015 1:33,351.4817964,1978.877329,19,54,5,20/12/2012 1:39,321365
28887,6918,0,30,375,398.25,2009-11-29T00:00:00.000,1,1991-01-03T00:00:00.000,,-1,691830,09/06/2015 1:33,87.82275702,398.2520365,19,54,5,20/12/2012 1:39,321365
28888,6918,0,26,134,151.26,2009-11-29T00:00:00.000,1,1991-01-03T00:00:00.000,,-1,691826,09/06/2015 1:33,49.83651579,151.25805,19,54,5,20/12/2012 1:39,321365
28890,6933,0,55,240,249.82,2013-01-03T00:00:00.000,1,1991-01-03T00:00:00.000,,-1,693355,09/06/2015 1:33,66.18496633,249.818384,19,54,5,20/12/2012 1:39,321365
28921,6918,0,27,151,167.69,2009-11-29T00:00:00.000,1,1991-01-03T00:00:00.000,,-1,691827,09/06/2015 1:33,53.95300348,167.68721,19,54,5,20/12/2012 1:39,321365
28922,6918,0,86,1016,1026.92,2009-11-29T00:00:00.000,1,1991-01-03T00:00:00.000,,-1,691886,09/06/2015 1:33,229.2178581,1026.92379,19,54,5,20/12/2012 1:39,321365
28923,6918,0,7,270,278.08,2009-11-29T00:00:00.000,1,1991-01-03T00:00:00.000,,-1,69187,09/06/2015 1:33,71.9234227,278.077617,19,54,5,20/12/2012 1:39,321365
28924,6918,0,3,189,211.16,2009-11-29T00:00:00.000,1,1991-01-03T00:00:00.000,,-1,69183,09/06/2015 1:33,62.44719376,211.157007,19,54,5,20/12/2012 1:39,321365
28926,6933,0,54,260,226.92,2013-01-03T00:00:00.000,1,1991-01-03T00:00:00.000,,-1,693354,09/06/2015 1:33,74.1869482,226.9172175,19,54,5,20/12/2012 1:39,321365
28971,6933,0,131,2546,2552.63,2013-01-03T00:00:00.000,2,1991-01-03T00:00:00.000,,-1,6933131,09/06/2015 1:33,529.0059452,2552.634872,19,54,5,20/12/2012 1:39,321365
28977,7001,0,126,1838,1842.73,2009-12-21T00:00:00.000,0,2004-08-11T00:00:00.000,,-1,7001126,09/06/2015 1:33,319.2169901,1842.731434,19,54,5,20/12/2012 1:39,321365
28978,6919,0,4,405,411.22,2009-12-21T00:00:00.000,1,1991-01-03T00:00:00.000,,-1,69194,09/06/2015 1:33,91.10860602,411.218888,19,54,5,20/12/2012 1:39,321365
28979,6919,0,1,334,333.55,2009-12-21T00:00:00.000,1,1991-01-03T00:00:00.000,,-1,69191,09/06/2015 1:33,78.23214392,333.545499,19,54,5,20/12/2012 1:39,321365
28980,6919,0,2,425,436.19,2009-12-21T00:00:00.000,1,1991-01-03T00:00:00.000,,-1,69192,09/06/2015 1:33,84.94247909,436.190258,19,54,5,20/12/2012 1:39,321365
29010,6912,0,33,2258,2303.73,2009-12-21T00:00:00.000,0,1899-12-30T00:00:00.000,,-1,691233,09/06/2015 1:33,374.4064524,2303.733422,19,54,5,20/12/2012 1:39,321365
29020,6918,0,28,256,273.04,2009-11-29T00:00:00.000,1,1991-01-03T00:00:00.000,,-1,691828,09/06/2015 1:33,65.4089107,273.037063,19,54,5,20/12/2012 1:39,321365
29022,6918,0,8,516,522.1,2009-11-29T00:00:00.000,1,1991-01-03T00:00:00.000,,-1,69188,09/06/2015 1:33,89.91748376,522.100781,19,54,5,20/12/2012 1:39,321365
29072,7466,0,81,1187,1184.72,2009-12-21T00:00:00.000,0,1899-12-30T00:00:00.000,,-1,746681,09/06/2015 1:33,225.3800159,1184.723382,19,54,5,20/12/2012 1:39,321365
30357,7460,0,33,792,790.57,2010-06-28T00:00:00.000,0,2005-08-23T00:00:00.000,,-1,746033,09/06/2015 1:33,173.6652699,790.56717,19,54,5,20/12/2012 1:39,321365
30358,7460,0,37,1122,1114.73,2010-06-28T00:00:00.000,0,2005-08-23T00:00:00.000,,-1,746037,09/06/2015 1:33,141.9384113,1114.729966,19,54,5,20/12/2012 1:39,321365
30359,7460,0,18,737,731.22,2010-06-28T00:00:00.000,0,2005-08-23T00:00:00.000,,-1,746018,09/06/2015 1:33,110.9450937,731.2172895,19,54,5,20/12/2012 1:39,321365
30360,7460,0,15,501,498.41,2010-06-28T00:00:00.000,0,2005-08-23T00:00:00.000,,-1,746015,09/06/2015 1:33,91.68211302,498.4117675,19,54,5,20/12/2012 1:39,321365
30395,7460,0,16,507,503.76,2010-06-28T00:00:00.000,0,2005-08-23T00:00:00.000,,-1,746016,09/06/2015 1:33,92.3617776,503.7608105,19,54,5,20/12/2012 1:39,321365
30396,7460,0,26,613,621.25,2010-06-28T00:00:00.000,0,2005-08-23T00:00:00.000,,-1,746026,09/06/2015 1:33,103.7794504,621.249406,19,54,5,20/12/2012 1:39,321365
30397,7460,0,27,609,609.51,2010-06-28T00:00:00.000,0,2005-08-23T00:00:00.000,,-1,746027,09/06/2015 1:33,103.1626977,609.508755,19,54,5,20/12/2012 1:39,321365
31122,7431,0,11,507,534,2009-09-07T00:00:00.000,1,1991-01-03T00:00:00.000,,-1,743111,09/06/2015 1:33,93.0764665,533.9974965,19,54,5,20/12/2012 1:39,321365
31123,7431,0,37,693,696.07,2009-09-07T00:00:00.000,2,1991-01-03T00:00:00.000,,-1,743137,09/06/2015 1:33,106.8173951,696.067695,19,54,5,20/12/2012 1:39,321365
31281,6918,0,25,495,522.97,2009-11-29T00:00:00.000,1,1991-01-03T00:00:00.000,,-1,691825,09/06/2015 1:33,97.22897522,522.9732775,19,54,5,20/12/2012 1:39,321365
31282,6918,0,6,258,262.5,2009-11-29T00:00:00.000,1,1991-01-03T00:00:00.000,,-1,69186,09/06/2015 1:33,70.95644741,262.501233,19,54,5,20/12/2012 1:39,321365
31283,6933,0,56,360,371.27,2013-01-03T00:00:00.000,1,1991-01-03T00:00:00.000,,-1,693356,09/06/2015 1:33,77.58447064,371.2731985,19,54,5,20/12/2012 1:39,321365
31324,6919,0,3,229,233.46,2009-12-21T00:00:00.000,1,1991-01-03T00:00:00.000,,-1,69193,09/06/2015 1:33,61.49853816,233.456286,19,54,5,20/12/2012 1:39,321365
31583,7460,0,14,614,611.01,2010-06-28T00:00:00.000,0,2005-08-23T00:00:00.000,,-1,746014,09/06/2015 1:33,100.2237894,611.0082805,19,54,5,20/12/2012 1:39,321365
31584,7460,0,19,651,653.94,2010-06-28T00:00:00.000,0,2005-08-23T00:00:00.000,,-1,746019,09/06/2015 1:33,103.2650893,653.9421695,19,54,5,20/12/2012 1:39,321365
31734,6933,0,133,2013,1922.25,2013-01-03T00:00:00.000,2,1991-01-03T00:00:00.000,,-1,6933133,09/06/2015 1:33,424.6348224,1922.253102,19,54,5,20/12/2012 1:39,321365
32714,6933,0,140,1201,1229.54,2011-05-24T00:00:00.000,1,1991-01-03T00:00:00.000,,-1,6933140,09/06/2015 1:33,140.241597,1229.535504,19,54,5,20/12/2012 1:39,321365
32715,6937,0,1,407,406.92,2011-05-25T00:00:00.000,1,1899-12-30T00:00:00.000,,-1,69371,09/06/2015 1:33,88.51345075,406.924818,19,54,5,20/12/2012 1:39,321365
32716,7451,0,2,386,395.44,2011-05-25T00:00:00.000,0,1991-01-03T00:00:00.000,,-1,74512,09/06/2015 1:33,80.89405055,395.4420615,19,54,5,20/12/2012 1:39,321365
32717,7451,0,3,365,354.95,2011-05-25T00:00:00.000,0,1991-01-03T00:00:00.000,,-1,74513,09/06/2015 1:33,92.17771555,354.949879,19,54,5,20/12/2012 1:39,321365
32718,7460,0,34,3983,3931.45,2011-05-25T00:00:00.000,0,2005-08-23T00:00:00.000,,-1,746034,09/06/2015 1:33,426.5377818,3931.44739,19,54,5,20/12/2012 1:39,321365
32719,6937,0,4,704,702.76,2011-05-25T00:00:00.000,0,1899-12-30T00:00:00.000,,-1,69374,09/06/2015 1:33,113.8844272,702.757036,19,54,5,20/12/2012 1:39,321365
32720,6937,0,5,1481,1508.81,2011-05-25T00:00:00.000,1,1899-12-30T00:00:00.000,,-1,69375,09/06/2015 1:33,154.5921468,1508.81462,19,54,5,20/12/2012 1:39,321365
32721,6937,0,2,400,417.35,2011-05-25T00:00:00.000,0,1899-12-30T00:00:00.000,,-1,69372,09/06/2015 1:33,90.82994509,417.3500635,19,54,5,20/12/2012 1:39,321365
32722,6937,0,6,436,453.47,2011-05-25T00:00:00.000,1,1899-12-30T00:00:00.000,,-1,69376,09/06/2015 1:33,88.10508012,453.4675855,19,54,5,20/12/2012 1:39,321365
32723,6937,0,3,714,707.24,2011-05-25T00:00:00.000,0,1899-12-30T00:00:00.000,,-1,69373,09/06/2015 1:33,113.6509472,707.237915,19,54,5,20/12/2012 1:39,321365
32724,6933,0,122,520,518.59,2013-01-03T00:00:00.000,1,1991-01-03T00:00:00.000,,-1,6933122,09/06/2015 1:33,92.08325044,518.586127,19,54,5,20/12/2012 1:39,321365
32725,6933,0,136,7285,7230.6,2013-01-03T00:00:00.000,0,1991-01-03T00:00:00.000,,-1,6933136,09/06/2015 1:33,388.6307807,7230.604651,19,54,5,20/12/2012 1:39,321365
32726,7451,0,39,2690,2722.77,2011-05-25T00:00:00.000,2,1991-01-03T00:00:00.000,,-1,745139,09/06/2015 1:33,562.6836626,2722.767067,19,54,5,20/12/2012 1:39,321365
32727,7451,0,1,715,704.27,2011-05-25T00:00:00.000,0,1991-01-03T00:00:00.000,,-1,74511,09/06/2015 1:33,118.761025,704.2714555,19,54,5,20/12/2012 1:39,321365
32728,6933,0,137,1337,1347.84,2013-01-03T00:00:00.000,2,1991-01-03T00:00:00.000,,-1,6933137,09/06/2015 1:33,296.883134,1347.840545,19,54,5,20/12/2012 1:39,321365
32729,6937,0,55,793,798.48,2011-05-25T00:00:00.000,2,1899-12-30T00:00:00.000,,-1,693755,09/06/2015 1:33,164.5622343,798.482365,19,54,5,20/12/2012 1:39,321365
33950,6921,1,98,11818,4569.13,2012-01-11T00:00:00.000,0,2005-08-24T00:00:00.000,,-1,692198,09/06/2015 1:33,524.1561383,4569.127671,19,54,5,20/12/2012 1:39,321365
34056,6919,0,14,206,204.19,2012-01-29T00:00:00.000,1,1991-01-03T00:00:00.000,,-1,691914,09/06/2015 1:33,57.86932157,204.1920025,19,54,5,20/12/2012 1:39,321365
34057,6919,0,73,213,206.19,2012-01-29T00:00:00.000,1,1991-01-03T00:00:00.000,,-1,691973,09/06/2015 1:33,57.62471231,206.1893485,19,54,5,20/12/2012 1:39,321365
34058,6919,0,71,431,426.94,2012-01-29T00:00:00.000,1,1991-01-03T00:00:00.000,,-1,691971,09/06/2015 1:33,84.6505547,426.942282,19,54,5,20/12/2012 1:39,321365
34170,6918,0,80,562,556.92,2012-02-27T00:00:00.000,1,1991-01-03T00:00:00.000,,-1,691880,09/06/2015 1:33,97.33296555,556.9197245,19,54,5,20/12/2012 1:39,321365
34171,6918,0,79,556,542.64,2012-02-27T00:00:00.000,1,1991-01-03T00:00:00.000,,-1,691879,09/06/2015 1:33,95.24834749,542.640296,19,54,5,20/12/2012 1:39,321365
34172,6918,0,11,290,286.78,2012-02-27T00:00:00.000,1,1991-01-03T00:00:00.000,,-1,691811,09/06/2015 1:33,81.62193392,286.784673,19,54,5,20/12/2012 1:39,321365
34173,6918,0,10,293,293.13,2012-02-27T00:00:00.000,1,1991-01-03T00:00:00.000,,-1,691810,09/06/2015 1:33,76.77095656,293.130559,19,54,5,20/12/2012 1:39,321365
34174,6918,0,5,582,575.97,2012-02-27T00:00:00.000,1,1991-01-03T00:00:00.000,,-1,69185,09/06/2015 1:33,95.35364567,575.967649,19,54,5,20/12/2012 1:39,321365
34175,6918,0,75,574,553.38,2012-02-27T00:00:00.000,1,1991-01-03T00:00:00.000,,-1,691875,09/06/2015 1:33,97.6174982,553.383623,19,54,5,20/12/2012 1:39,321365
34176,6918,0,77,570,590.77,2012-02-27T00:00:00.000,1,1991-01-03T00:00:00.000,,-1,691877,09/06/2015 1:33,100.3400602,590.769979,19,54,5,20/12/2012 1:39,321365
34177,6918,0,78,546,538.46,2012-02-27T00:00:00.000,1,1991-01-03T00:00:00.000,,-1,691878,09/06/2015 1:33,95.9810393,538.458428,19,54,5,20/12/2012 1:39,321365
35208,6918,0,82,511,508.32,2012-09-24T00:00:00.000,1,1991-01-03T00:00:00.000,,-1,691882,09/06/2015 1:33,90.21050328,508.3221205,19,54,5,20/12/2012 1:39,321365
35209,6918,0,81,586,587,2012-09-24T00:00:00.000,1,1991-01-03T00:00:00.000,,-1,691881,09/06/2015 1:33,102.3902701,587.0015975,19,54,5,20/12/2012 1:39,321365
35210,6918,0,4,589,570.37,2012-09-24T00:00:00.000,1,1991-01-03T00:00:00.000,,-1,69184,09/06/2015 1:33,97.58340618,570.3678615,19,54,5,20/12/2012 1:39,321365
35211,6918,0,2,571,571.7,2012-09-24T00:00:00.000,1,1991-01-03T00:00:00.000,,-1,69182,09/06/2015 1:33,99.98720979,571.6975595,19,54,5,20/12/2012 1:39,321365
35212,6918,0,1,916,897.67,2012-09-24T00:00:00.000,1,1991-01-03T00:00:00.000,,-1,69181,09/06/2015 1:33,130.8819744,897.6707675,19,54,5,20/12/2012 1:39,321365
36418,7465,0,50,619,616.15,2012-12-23T00:00:00.000,0,1899-12-30T00:00:00.000,,-1,746550,09/06/2015 1:33,160.4836182,616.1508085,19,54,5,20/12/2012 1:39,321365
36478,6933,0,110,538,545.06,2013-01-03T00:00:00.000,1,1991-01-03T00:00:00.000,,-1,6933110,09/06/2015 1:33,98.95541932,545.0572175,19,54,5,20/12/2012 1:39,321365
36479,6933,0,139,554,529.48,2013-01-03T00:00:00.000,1,1991-01-03T00:00:00.000,,-1,6933139,09/06/2015 1:33,95.78256016,529.4789195,19,54,5,20/12/2012 1:39,321365
36480,6933,0,90,592,598.07,2013-01-03T00:00:00.000,1,1991-01-03T00:00:00.000,,-1,693390,09/06/2015 1:33,102.221658,598.0724325,19,54,5,20/12/2012 1:39,321365
36481,6933,0,107,570,569.31,2013-01-03T00:00:00.000,1,1991-01-03T00:00:00.000,,-1,6933107,09/06/2015 1:33,99.32607048,569.3145975,19,54,5,20/12/2012 1:39,321365
36482,6918,0,90,5214,5294.42,2013-01-03T00:00:00.000,1,1991-01-03T00:00:00.000,,-1,691890,09/06/2015 1:33,593.9867044,5294.424566,19,54,5,20/12/2012 1:39,321365
36483,6933,0,86,486,559.72,2013-01-03T00:00:00.000,1,1991-01-03T00:00:00.000,,-1,693386,09/06/2015 1:33,95.43368357,559.724493,19,54,5,20/12/2012 1:39,321365
36484,6933,0,85,468,495.93,2013-01-03T00:00:00.000,1,1991-01-03T00:00:00.000,,-1,693385,09/06/2015 1:33,91.71252344,495.929279,19,54,5,20/12/2012 1:39,321365
36485,6933,0,84,1343,1407.7,2013-01-03T00:00:00.000,1,1991-01-03T00:00:00.000,,-1,693384,09/06/2015 1:33,156.5322751,1407.7003,19,54,5,20/12/2012 1:39,321365
36486,6933,0,134,451,469.89,2013-01-03T00:00:00.000,1,1991-01-03T00:00:00.000,,-1,6933134,09/06/2015 1:33,89.19970743,469.892852,19,54,5,20/12/2012 1:39,321365
36487,6933,0,87,1255,1296.56,2013-01-03T00:00:00.000,1,1991-01-03T00:00:00.000,,-1,693387,09/06/2015 1:33,146.913991,1296.561775,19,54,5,20/12/2012 1:39,321365
36488,6933,0,132,2299,2251.29,2013-01-03T00:00:00.000,2,1991-01-03T00:00:00.000,,-1,6933132,09/06/2015 1:33,466.2351592,2251.28739,19,54,5,20/12/2012 1:39,321365
36489,6933,0,89,600,573.64,2013-01-03T00:00:00.000,1,1991-01-03T00:00:00.000,,-1,693389,09/06/2015 1:33,100.3124252,573.63601,19,54,5,20/12/2012 1:39,321365
36490,6933,0,88,1158,1141.75,2013-01-03T00:00:00.000,1,1991-01-03T00:00:00.000,,-1,693388,09/06/2015 1:33,144.4592093,1141.745273,19,54,5,20/12/2012 1:39,321365
36491,6933,0,112,591,580.3,2013-01-03T00:00:00.000,1,1991-01-03T00:00:00.000,,-1,6933112,09/06/2015 1:33,101.8304242,580.29646,19,54,5,20/12/2012 1:39,321365
36492,6933,0,111,539,500.13,2013-01-03T00:00:00.000,1,1991-01-03T00:00:00.000,,-1,6933111,09/06/2015 1:33,97.35149778,500.128355,19,54,5,20/12/2012 1:39,321365
38355,7451,0,42,638,618.82,2013-10-21T00:00:00.000,2,1991-01-03T00:00:00.000,,-1,745142,09/06/2015 1:33,149.7925104,618.8171815,19,54,5,20/12/2012 1:39,321365
38357,7451,0,41,1709,1756.45,2013-10-21T00:00:00.000,2,1991-01-03T00:00:00.000,,-1,745141,09/06/2015 1:33,350.8431867,1756.447109,19,54,5,20/12/2012 1:39,321365
38358,7451,0,40,2448,2444.5,2013-10-21T00:00:00.000,2,1991-01-03T00:00:00.000,,-1,745140,09/06/2015 1:33,485.8422999,2444.498279,19,54,5,20/12/2012 1:39,321365
38558,6920,0,61,650,644.32,2013-12-03T00:00:00.000,2,1899-12-30T00:00:00.000,,-1,692061,09/06/2015 1:33,106.5971594,644.320466,19,54,5,20/12/2012 1:39,321365
38569,7228,0,64,1480,1480.01,2013-12-03T00:00:00.000,2,1991-01-03T00:00:00.000,,-1,722864,09/06/2015 1:33,299.018486,1480.014553,19,54,5,20/12/2012 1:39,321365
39152,6933,0,141,523,515.18,2014-01-26T00:00:00.000,1,1991-01-03T00:00:00.000,,-1,6933141,09/06/2015 1:33,90.94185558,515.1834115,19,54,5,20/12/2012 1:39,321365
39153,6933,0,142,43,42.46,2013-01-03T00:00:00.000,1,2014-01-26T00:00:00.000,,-1,6933142,09/06/2015 1:33,46.46096699,42.4631535,19,54,5,20/12/2012 1:39,321365
39154,6933,0,69,449,450.4,2014-01-26T00:00:00.000,1,1991-01-03T00:00:00.000,,-1,693369,09/06/2015 1:33,86.82968453,450.4022185,19,54,5,20/12/2012 1:39,321365
39155,6933,0,71,451,439.69,2014-01-26T00:00:00.000,1,1991-01-03T00:00:00.000,,-1,693371,09/06/2015 1:33,85.51828113,439.6911345,19,54,5,20/12/2012 1:39,321365
39156,7460,0,1,472,472.44,2014-01-29T00:00:00.000,0,2005-08-23T00:00:00.000,,-1,74601,09/06/2015 1:33,87.48990493,472.438687,19,54,5,20/12/2012 1:39,321365
39157,7460,0,9,598,612.21,2014-01-29T00:00:00.000,0,2005-08-23T00:00:00.000,,-1,74609,09/06/2015 1:33,98.83462387,612.21033,19,54,5,20/12/2012 1:39,321365
39158,7460,0,10,560,556.06,2014-01-29T00:00:00.000,0,2005-08-23T00:00:00.000,,-1,746010,09/06/2015 1:33,95.92846084,556.057787,19,54,5,20/12/2012 1:39,321365
39159,7460,0,3,622,597.28,2014-01-29T00:00:00.000,0,2005-08-23T00:00:00.000,,-1,74603,09/06/2015 1:33,101.1118098,597.283705,19,54,5,20/12/2012 1:39,321365
39160,7460,0,2,728,753.95,2014-01-29T00:00:00.000,0,2005-08-23T00:00:00.000,,-1,74602,09/06/2015 1:33,110.3858719,753.94502,19,54,5,20/12/2012 1:39,321365
39161,6918,0,50,529,520.18,2014-01-29T00:00:00.000,1,1991-01-03T00:00:00.000,,-1,691850,09/06/2015 1:33,97.7888702,520.184929,19,54,5,20/12/2012 1:39,321365
39162,6918,0,85,3224,3247.83,2014-01-29T00:00:00.000,1,1991-01-03T00:00:00.000,,-1,691885,09/06/2015 1:33,656.6764689,3247.827684,19,54,5,20/12/2012 1:39,321365
39163,6919,0,53,430,419.02,2014-01-29T00:00:00.000,0,1991-01-03T00:00:00.000,,-1,691953,09/06/2015 1:33,85.34295155,419.0172635,19,54,5,20/12/2012 1:39,321365
39164,6919,0,13,2553,2554.8,2014-01-29T00:00:00.000,2,1991-01-03T00:00:00.000,,-1,691913,09/06/2015 1:33,508.7148309,2554.804186,19,54,5,20/12/2012 1:39,321365
39165,6920,0,2,605,577.72,2014-01-29T00:00:00.000,1,1899-12-30T00:00:00.000,,-1,69202,09/06/2015 1:33,101.4662052,577.7156715,19,54,5,20/12/2012 1:39,321365
39166,6920,0,1,653,657.11,2014-01-29T00:00:00.000,1,1899-12-30T00:00:00.000,,-1,69201,09/06/2015 1:33,110.0058107,657.108126,19,54,5,20/12/2012 1:39,321365
39167,7460,0,30,1986,2009.8,2014-01-29T00:00:00.000,0,2005-08-23T00:00:00.000,,-1,746030,09/06/2015 1:33,431.4684728,2009.796987,19,54,5,20/12/2012 1:39,321365
39168,6918,0,53,1239,1207.68,2014-01-29T00:00:00.000,1,1991-01-03T00:00:00.000,,-1,691853,09/06/2015 1:33,135.9442333,1207.67832,19,54,5,20/12/2012 1:39,321365
39169,7460,0,36,1409,1412.56,2014-01-29T00:00:00.000,0,2005-08-23T00:00:00.000,,-1,746036,09/06/2015 1:33,305.646238,1412.563756,19,54,5,20/12/2012 1:39,321365
39170,6918,0,51,503,493.82,2014-01-29T00:00:00.000,1,1991-01-03T00:00:00.000,,-1,691851,09/06/2015 1:33,88.42382794,493.823262,19,54,5,20/12/2012 1:39,321365
39171,7460,0,7,587,577.04,2014-01-29T00:00:00.000,0,2005-08-23T00:00:00.000,,-1,74607,09/06/2015 1:33,97.96918636,577.035622,19,54,5,20/12/2012 1:39,321365
39172,7460,0,8,613,620.7,2014-01-29T00:00:00.000,0,2005-08-23T00:00:00.000,,-1,74608,09/06/2015 1:33,106.0798872,620.6994805,19,54,5,20/12/2012 1:39,321365
39173,7460,0,31,633,635.67,2014-01-29T00:00:00.000,0,2005-08-23T00:00:00.000,,-1,746031,09/06/2015 1:33,165.9485126,635.6688855,19,54,5,20/12/2012 1:39,321365
41355,6920,0,10,712,712.85,2014-11-26T00:00:00.000,1,1899-12-30T00:00:00.000,,-1,692010,09/06/2015 1:33,116.0819278,712.8488825,19,54,5,20/12/2012 1:39,321365
41356,6920,0,12,228,231.64,2014-11-26T00:00:00.000,1,1899-12-30T00:00:00.000,,-1,692012,09/06/2015 1:33,62.3658919,231.643342,19,54,5,20/12/2012 1:39,321365
41357,6920,0,11,919,914.91,2014-11-26T00:00:00.000,1,1899-12-30T00:00:00.000,,-1,692011,09/06/2015 1:33,119.8714861,914.9073055,19,54,5,20/12/2012 1:39,321365
41358,6920,0,28,322,321.66,2014-11-26T00:00:00.000,1,1899-12-30T00:00:00.000,,-1,692028,09/06/2015 1:33,80.55709139,321.664483,19,54,5,20/12/2012 1:39,321365
41359,6920,0,18,905,910.82,2014-11-26T00:00:00.000,1,1899-12-30T00:00:00.000,,-1,692018,09/06/2015 1:33,128.505049,910.8228975,19,54,5,20/12/2012 1:39,321365
41360,6920,0,29,329,324.77,2014-11-26T00:00:00.000,1,1899-12-30T00:00:00.000,,-1,692029,09/06/2015 1:33,80.41053301,324.773123,19,54,5,20/12/2012 1:39,321365
41361,6920,0,67,1805,1757.74,2014-11-26T00:00:00.000,2,1899-12-30T00:00:00.000,,-1,692067,09/06/2015 1:33,382.6620136,1757.736555,19,54,5,20/12/2012 1:39,321365
41362,6920,0,72,345,343.7,2014-11-26T00:00:00.000,2,1899-12-30T00:00:00.000,,-1,692072,09/06/2015 1:33,89.0865086,343.703584,19,54,5,20/12/2012 1:39,321365
41363,6920,0,15,818,817.41,2014-11-26T00:00:00.000,1,1899-12-30T00:00:00.000,,-1,692015,09/06/2015 1:33,117.3380263,817.413414,19,54,5,20/12/2012 1:39,321365
41364,6920,0,73,353,352.05,2014-11-26T00:00:00.000,0,1899-12-30T00:00:00.000,,-1,692073,09/06/2015 1:33,91.5254916,352.049683,19,54,5,20/12/2012 1:39,321365
41365,6920,0,17,639,631.81,2014-11-26T00:00:00.000,1,1899-12-30T00:00:00.000,,-1,692017,09/06/2015 1:33,103.4368699,631.811434,19,54,5,20/12/2012 1:39,321365
41372,7228,0,57,562,572.35,2014-11-26T00:00:00.000,1,1991-01-03T00:00:00.000,,-1,722857,09/06/2015 1:33,98.00989976,572.3511085,19,54,5,20/12/2012 1:39,321365
41373,7228,0,58,283,283.16,2014-11-26T00:00:00.000,0,1991-01-03T00:00:00.000,,-1,722858,09/06/2015 1:33,67.81738974,283.1647665,19,54,5,20/12/2012 1:39,321365
41374,7228,0,9,287,283.89,2014-11-26T00:00:00.000,1,1991-01-03T00:00:00.000,,-1,72289,09/06/2015 1:33,68.92697023,283.885024,19,54,5,20/12/2012 1:39,321365
41375,7228,0,8,246,267.92,2014-11-26T00:00:00.000,1,1991-01-03T00:00:00.000,,-1,72288,09/06/2015 1:33,83.08587003,267.924762,19,54,5,20/12/2012 1:39,321365
41376,7228,0,60,234,236.53,2014-11-26T00:00:00.000,1,1991-01-03T00:00:00.000,,-1,722860,09/06/2015 1:33,81.25609852,236.527818,19,54,5,20/12/2012 1:39,321365
41377,7228,0,5,621,601.93,2014-11-26T00:00:00.000,1,1991-01-03T00:00:00.000,,-1,72285,09/06/2015 1:33,103.3492521,601.9253355,19,54,5,20/12/2012 1:39,321365
41378,7228,0,3,305,301.05,2014-11-26T00:00:00.000,2,1991-01-03T00:00:00.000,,-1,72283,09/06/2015 1:33,72.1800086,301.046894,19,54,5,20/12/2012 1:39,321365
41379,7228,0,2,475,473.85,2014-11-26T00:00:00.000,1,1991-01-03T00:00:00.000,,-1,72282,09/06/2015 1:33,87.24805245,473.8546865,19,54,5,20/12/2012 1:39,321365
41380,7228,0,71,1054,1051.64,2014-11-26T00:00:00.000,0,1899-12-30T00:00:00.000,,-1,722871,09/06/2015 1:33,149.4400478,1051.637973,19,54,5,20/12/2012 1:39,321365
41381,6920,0,20,448,447.41,2014-11-26T00:00:00.000,1,1899-12-30T00:00:00.000,,-1,692020,09/06/2015 1:33,84.94043235,447.4054215,19,54,5,20/12/2012 1:39,321365
41382,6920,0,19,458,458.62,2014-11-26T00:00:00.000,1,1899-12-30T00:00:00.000,,-1,692019,09/06/2015 1:33,93.67477298,458.62387,19,54,5,20/12/2012 1:39,321365
41383,6920,0,68,2023,1965.46,2014-11-26T00:00:00.000,2,1899-12-30T00:00:00.000,,-1,692068,09/06/2015 1:33,422.0368645,1965.463862,19,54,5,20/12/2012 1:39,321365
41384,7228,0,72,57,47.77,2014-11-26T00:00:00.000,2,1899-12-30T00:00:00.000,,-1,722872,09/06/2015 1:33,164.3342364,47.7690435,19,54,5,20/12/2012 1:39,321365
41774,6920,0,8,567,576.78,2014-12-31T00:00:00.000,0,1899-12-30T00:00:00.000,,-1,69208,09/06/2015 1:33,98.14652059,576.782899,19,54,5,20/12/2012 1:39,321365
41775,6920,0,9,934,918,2014-12-31T00:00:00.000,0,1899-12-30T00:00:00.000,,-1,69209,09/06/2015 1:33,138.0256082,917.9984995,19,54,5,20/12/2012 1:39,321365
42503,7465,0,44,4486,4557.57,2012-12-23T00:00:00.000,0,1899-12-30T00:00:00.000,,-1,746544,09/06/2015 1:33,492.7639414,4557.573441,19,54,5,20/12/2012 1:39,321365
43318,6918,0,83,912,893.7,2012-09-24T00:00:00.000,1,1991-01-03T00:00:00.000,,-1,691883,09/06/2015 1:33,127.9844128,893.697313,19,54,5,20/12/2012 1:39,321365
43476,7228,0,1,300,299.23,2015-05-06T00:00:00.000,2,1991-01-03T00:00:00.000,,-1,72281,09/06/2015 1:33,72.16372571,299.228298,19,54,5,20/12/2012 1:39,321365
43477,7227,0,8,161,166.53,2015-05-06T00:00:00.000,1,1991-01-03T00:00:00.000,,-1,72278,09/06/2015 1:33,52.52136052,166.533715,19,54,5,20/12/2012 1:39,321365
43478,7227,0,14,174,174.68,2015-05-06T00:00:00.000,1,1991-01-03T00:00:00.000,,-1,722714,09/06/2015 1:33,55.67490796,174.684522,19,54,5,20/12/2012 1:39,321365
43479,7227,0,15,173,173.98,2015-05-06T00:00:00.000,1,1991-01-03T00:00:00.000,,-1,722715,09/06/2015 1:33,55.64351397,173.981459,19,54,5,20/12/2012 1:39,321365
43480,7227,0,16,172,172.08,2015-05-06T00:00:00.000,1,1991-01-03T00:00:00.000,,-1,722716,09/06/2015 1:33,55.29441759,172.0764145,19,54,5,20/12/2012 1:39,321365
43481,7227,0,5,168,168.72,2015-05-06T00:00:00.000,1,1991-01-03T00:00:00.000,,-1,72275,09/06/2015 1:33,53.05388922,168.716942,19,54,5,20/12/2012 1:39,321365
43482,7227,0,6,169,168.47,2015-05-06T00:00:00.000,1,1991-01-03T00:00:00.000,,-1,72276,09/06/2015 1:33,52.83648877,168.467759,19,54,5,20/12/2012 1:39,321365
43483,7227,0,7,171,167.18,2015-05-06T00:00:00.000,1,1991-01-03T00:00:00.000,,-1,72277,09/06/2015 1:33,52.64130798,167.1822595,19,54,5,20/12/2012 1:39,321365
43484,7227,0,3,170,169.21,2015-05-06T00:00:00.000,1,1991-01-03T00:00:00.000,,-1,72273,09/06/2015 1:33,53.01904048,169.209066,19,54,5,20/12/2012 1:39,321365
43485,7227,0,4,173,172.95,2015-05-06T00:00:00.000,1,1991-01-03T00:00:00.000,,-1,72274,09/06/2015 1:33,53.59383575,172.9539485,19,54,5,20/12/2012 1:39,321365
43486,7227,0,17,173,171.17,2015-05-06T00:00:00.000,1,1991-01-03T00:00:00.000,,-1,722717,09/06/2015 1:33,55.09534323,171.165931,19,54,5,20/12/2012 1:39,321365
43487,7227,0,18,171,168.17,2015-05-06T00:00:00.000,1,1991-01-03T00:00:00.000,,-1,722718,09/06/2015 1:33,54.88562872,168.171254,19,54,5,20/12/2012 1:39,321365
43488,7227,0,2,164,166.32,2015-05-06T00:00:00.000,1,1991-01-03T00:00:00.000,,-1,72272,09/06/2015 1:33,52.70473662,166.316212,19,54,5,20/12/2012 1:39,321365
43489,7227,0,19,274,278.57,2015-05-06T00:00:00.000,1,1991-01-03T00:00:00.000,,-1,722719,09/06/2015 1:33,67.0738864,278.568106,19,54,5,20/12/2012 1:39,321365
43490,7227,0,20,289,289.57,2015-05-06T00:00:00.000,1,1991-01-03T00:00:00.000,,-1,722720,09/06/2015 1:33,71.61436703,289.5725655,19,54,5,20/12/2012 1:39,321365
43491,7227,0,22,167,164.76,2015-05-06T00:00:00.000,1,1991-01-03T00:00:00.000,,-1,722722,09/06/2015 1:33,53.38585751,164.7590835,19,54,5,20/12/2012 1:39,321365
43492,7227,0,23,156,155.47,2015-05-06T00:00:00.000,1,1991-01-03T00:00:00.000,,-1,722723,09/06/2015 1:33,52.56246324,155.470474,19,54,5,20/12/2012 1:39,321365
43493,7227,0,24,179,183.18,2015-05-06T00:00:00.000,1,1991-01-03T00:00:00.000,,-1,722724,09/06/2015 1:33,57.72773302,183.184352,19,54,5,20/12/2012 1:39,321365
43494,7227,0,25,173,176.46,2015-05-06T00:00:00.000,1,1991-01-03T00:00:00.000,,-1,722725,09/06/2015 1:33,56.67689976,176.4582335,19,54,5,20/12/2012 1:39,321365
43495,7227,0,26,171,173.11,2015-05-06T00:00:00.000,1,1991-01-03T00:00:00.000,,-1,722726,09/06/2015 1:33,56.07485765,173.1079635,19,54,5,20/12/2012 1:39,321365
43496,7227,0,27,168,172.79,2015-05-06T00:00:00.000,1,1991-01-03T00:00:00.000,,-1,722727,09/06/2015 1:33,55.7463617,172.793039,19,54,5,20/12/2012 1:39,321365
43497,7227,0,28,163,170.64,2015-05-06T00:00:00.000,1,1991-01-03T00:00:00.000,,-1,722728,09/06/2015 1:33,55.27109141,170.643663,19,54,5,20/12/2012 1:39,321365
43498,7227,0,13,177,175.65,2015-05-06T00:00:00.000,1,1991-01-03T00:00:00.000,,-1,722713,09/06/2015 1:33,55.74411136,175.651638,19,54,5,20/12/2012 1:39,321365
43499,7227,0,29,166,170.07,2015-05-06T00:00:00.000,1,1991-01-03T00:00:00.000,,-1,722729,09/06/2015 1:33,54.95756535,170.0684285,19,54,5,20/12/2012 1:39,321365
43500,7227,0,30,164,170.8,2015-05-06T00:00:00.000,0,1991-01-03T00:00:00.000,,-1,722730,09/06/2015 1:33,54.83147875,170.7959245,19,54,5,20/12/2012 1:39,321365
43501,7227,0,89,943,949.01,2015-05-06T00:00:00.000,2,1991-01-03T00:00:00.000,,-1,722789,09/06/2015 1:33,224.9889221,949.006804,19,54,5,20/12/2012 1:39,321365
43502,7227,0,31,181,172.78,2015-05-06T00:00:00.000,1,1991-01-03T00:00:00.000,,-1,722731,09/06/2015 1:33,53.7287951,172.78473,19,54,5,20/12/2012 1:39,321365
43503,7228,0,7,399,401.29,2015-05-06T00:00:00.000,1,1991-01-03T00:00:00.000,,-1,72287,09/06/2015 1:33,92.39657312,401.285615,19,54,5,20/12/2012 1:39,321365
43504,7228,0,6,732,762.42,2015-05-06T00:00:00.000,1,1991-01-03T00:00:00.000,,-1,72286,09/06/2015 1:33,112.7871808,762.421334,19,54,5,20/12/2012 1:39,321365
43505,7227,0,9,165,166.47,2015-05-06T00:00:00.000,1,1991-01-03T00:00:00.000,,-1,72279,09/06/2015 1:33,52.52915912,166.4695,19,54,5,20/12/2012 1:39,321365
43506,7227,0,104,336,336.9,2015-05-06T00:00:00.000,1,1991-01-03T00:00:00.000,,-1,7227104,09/06/2015 1:33,72.51108807,336.8963715,19,54,5,20/12/2012 1:39,321365
43507,7227,0,10,167,167.59,2015-05-06T00:00:00.000,1,1991-01-03T00:00:00.000,,-1,722710,09/06/2015 1:33,51.94034512,167.587295,19,54,5,20/12/2012 1:39,321365
43508,7227,0,91,2150,2147.99,2015-05-06T00:00:00.000,2,1991-01-03T00:00:00.000,,-1,722791,09/06/2015 1:33,451.8947381,2147.994087,19,54,5,20/12/2012 1:39,321365
43524,7228,0,63,752,749.83,2015-05-06T00:00:00.000,2,1991-01-03T00:00:00.000,,-1,722863,09/06/2015 1:33,179.394308,749.8303105,19,54,5,20/12/2012 1:39,321365
43525,6920,0,63,3158,3056.76,2014-11-26T00:00:00.000,2,1899-12-30T00:00:00.000,,-1,692063,09/06/2015 1:33,635.2210365,3056.7587,19,54,5,20/12/2012 1:39,321365
43528,7228,0,4,480,475.85,2014-11-26T00:00:00.000,0,1991-01-03T00:00:00.000,,-1,72284,09/06/2015 1:33,85.81513659,475.845348,19,54,5,20/12/2012 1:39,321365
43530,6919,0,41,700,685.86,2009-11-29T00:00:00.000,1,1991-01-03T00:00:00.000,,-1,691941,09/06/2015 1:33,109.8750306,685.8609095,19,54,5,20/12/2012 1:39,321365
43531,7228,0,74,1657,1666.56,2015-05-06T00:00:00.000,0,1899-12-30T00:00:00.000,,-1,722874,09/06/2015 1:33,168.5798583,1666.556001,19,54,5,20/12/2012 1:39,321365
43532,6920,0,13,355,356.03,2014-11-26T00:00:00.000,1,1899-12-30T00:00:00.000,,-1,692013,09/06/2015 1:33,73.55481774,356.034814,19,54,5,20/12/2012 1:39,321365
43533,7228,0,59,281,281.36,2014-11-26T00:00:00.000,1,1991-01-03T00:00:00.000,,-1,722859,09/06/2015 1:33,66.09006361,281.3558595,19,54,5,20/12/2012 1:39,321365
43535,7228,0,75,25,24.02,2015-05-06T00:00:00.000,2,1899-12-30T00:00:00.000,,-1,722875,09/06/2015 1:33,37.36258332,24.015999,19,54,5,20/12/2012 1:39,321365
43537,6920,0,65,1093,1101.35,2014-11-26T00:00:00.000,2,1899-12-30T00:00:00.000,,-1,692065,09/06/2015 1:33,173.4865868,1101.346818,19,54,5,20/12/2012 1:39,321365
43538,6920,0,66,604,613,2014-11-26T00:00:00.000,2,1899-12-30T00:00:00.000,,-1,692066,09/06/2015 1:33,142.3269241,612.9988375,19,54,5,20/12/2012 1:39,321365
43539,6920,0,30,567,569.81,2014-11-26T00:00:00.000,1,1899-12-30T00:00:00.000,,-1,692030,09/06/2015 1:33,95.3662842,569.8079725,19,54,5,20/12/2012 1:39,321365
43540,6920,0,14,869,876.2,2010-12-02T00:00:00.000,1,1899-12-30T00:00:00.000,,-1,692014,09/06/2015 1:33,124.0584272,876.2046775,19,54,5,20/12/2012 1:39,321365
43542,6919,0,40,738,749.32,2009-11-29T00:00:00.000,0,1991-01-03T00:00:00.000,,-1,691940,09/06/2015 1:33,123.1381771,749.3242075,19,54,5,20/12/2012 1:39,321365
43543,6919,0,67,564,570.28,2014-11-26T00:00:00.000,1,1991-01-03T00:00:00.000,,-1,691967,09/06/2015 1:33,96.1947499,570.279697,19,54,5,20/12/2012 1:39,321365
43546,6920,0,64,1513,1528.1,2014-11-26T00:00:00.000,2,1899-12-30T00:00:00.000,,-1,692064,09/06/2015 1:33,349.643181,1528.099465,19,54,5,20/12/2012 1:39,321365
43676,7227,0,21,665,654.27,2015-05-10T00:00:00.000,1,1991-01-03T00:00:00.000,,-1,722721,09/06/2015 1:33,112.7555797,654.272241,19,54,5,20/12/2012 1:39,321365
43677,7227,0,88,1273,1276.1,2015-05-10T00:00:00.000,2,1991-01-03T00:00:00.000,,-1,722788,09/06/2015 1:33,258.5302542,1276.101346,19,54,5,20/12/2012 1:39,321365
43760,7227,0,90,1151,1145.96,2015-05-11T00:00:00.000,2,1991-01-03T00:00:00.000,,-1,722790,09/06/2015 1:33,250.9642594,1145.956625,19,54,5,20/12/2012 1:39,321365
43761,7227,0,1,144,144.17,2015-05-11T00:00:00.000,1,1991-01-03T00:00:00.000,,-1,72271,09/06/2015 1:33,48.95571965,144.174534,19,54,5,20/12/2012 1:39,321365
43774,6919,0,69,1233,1218.06,2009-11-29T00:00:00.000,2,1991-01-03T00:00:00.000,,-1,691969,09/06/2015 1:33,270.5988775,1218.058044,19,54,5,20/12/2012 1:39,321365
43775,7228,0,62,1376,1372.61,2014-11-26T00:00:00.000,2,1991-01-03T00:00:00.000,,-1,722862,09/06/2015 1:33,306.9940049,1372.614222,19,54,5,20/12/2012 1:39,321365
43776,6919,0,16,2391,2394.68,2009-11-29T00:00:00.000,2,1991-01-03T00:00:00.000,,-1,691916,09/06/2015 1:33,239.5344661,2394.683096,19,54,5,20/12/2012 1:39,321365
43787,7002,0,3,40572,40762.57,2015-05-11T00:00:00.000,2,1899-12-30T00:00:00.000,,-1,70023,09/06/2015 1:33,2862.439311,40762.57336,19,54,5,20/12/2012 1:39,321365
43896,6937,0,56,4215,4374.94,2015-03-16T00:00:00.000,2,1899-12-30T00:00:00.000,,-1,693756,09/06/2015 1:33,834.6798071,4374.94079,19,54,5,20/12/2012 1:39,321365